{
  "fio version" : "fio-3.36-117-gb2403",
  "timestamp" : 1777456601,
  "timestamp_ms" : 1777456601494,
  "time" : "Wed Apr 29 09:56:41 2026",
  "jobs" : [
    {
      "jobname" : "b1-inode-r10",
      "groupid" : 0,
      "job_start" : 1777456601343,
      "error" : 0,
      "eta" : 2147483647,
      "elapsed" : 1,
      "job options" : {
        "name" : "b1-inode-r10",
        "filename" : "/var/volatile/beamfs-test/mnt-inode/test.bin",
        "rw" : "read",
        "bs" : "4k",
        "direct" : "0",
        "invalidate" : "1",
        "ioengine" : "psync",
        "iodepth" : "1",
        "size" : "2088960"
      },
      "read" : {
        "io_bytes" : 2088960,
        "io_kbytes" : 2040,
        "bw_bytes" : 63301818,
        "bw" : 61818,
        "iops" : 15454.545455,
        "runtime" : 33,
        "total_ios" : 510,
        "short_ios" : 0,
        "drop_ios" : 0,
        "slat_ns" : {
          "min" : 0,
          "max" : 0,
          "mean" : 0.000000,
          "stddev" : 0.000000,
          "N" : 0
        },
        "clat_ns" : {
          "min" : 23793,
          "max" : 3461607,
          "mean" : 49703.000000,
          "stddev" : 212359.574187,
          "N" : 510,
          "percentile" : {
            "1.000000" : 24192,
            "5.000000" : 24192,
            "10.000000" : 24192,
            "20.000000" : 24448,
            "30.000000" : 24448,
            "40.000000" : 24704,
            "50.000000" : 24704,
            "60.000000" : 24960,
            "70.000000" : 24960,
            "80.000000" : 25216,
            "90.000000" : 27520,
            "95.000000" : 31616,
            "99.000000" : 716800,
            "99.500000" : 1597440,
            "99.900000" : 3457024,
            "99.950000" : 3457024,
            "99.990000" : 3457024
          }
        },
        "lat_ns" : {
          "min" : 24721,
          "max" : 3462519,
          "mean" : 51109.298039,
          "stddev" : 214304.277180,
          "N" : 510
        },
        "bw_min" : 0,
        "bw_max" : 0,
        "bw_agg" : 0.000000,
        "bw_mean" : 0.000000,
        "bw_dev" : 0.000000,
        "bw_samples" : 0,
        "iops_min" : 0,
        "iops_max" : 0,
        "iops_mean" : 0.000000,
        "iops_stddev" : 0.000000,
        "iops_samples" : 0
      },
      "write" : {
        "io_bytes" : 0,
        "io_kbytes" : 0,
        "bw_bytes" : 0,
        "bw" : 0,
        "iops" : 0.000000,
        "runtime" : 0,
        "total_ios" : 0,
        "short_ios" : 0,
        "drop_ios" : 0,
        "slat_ns" : {
          "min" : 0,
          "max" : 0,
          "mean" : 0.000000,
          "stddev" : 0.000000,
          "N" : 0
        },
        "clat_ns" : {
          "min" : 0,
          "max" : 0,
          "mean" : 0.000000,
          "stddev" : 0.000000,
          "N" : 0
        },
        "lat_ns" : {
          "min" : 0,
          "max" : 0,
          "mean" : 0.000000,
          "stddev" : 0.000000,
          "N" : 0
        },
        "bw_min" : 0,
        "bw_max" : 0,
        "bw_agg" : 0.000000,
        "bw_mean" : 0.000000,
        "bw_dev" : 0.000000,
        "bw_samples" : 0,
        "iops_min" : 0,
        "iops_max" : 0,
        "iops_mean" : 0.000000,
        "iops_stddev" : 0.000000,
        "iops_samples" : 0
      },
      "trim" : {
        "io_bytes" : 0,
        "io_kbytes" : 0,
        "bw_bytes" : 0,
        "bw" : 0,
        "iops" : 0.000000,
        "runtime" : 0,
        "total_ios" : 0,
        "short_ios" : 0,
        "drop_ios" : 0,
        "slat_ns" : {
          "min" : 0,
          "max" : 0,
          "mean" : 0.000000,
          "stddev" : 0.000000,
          "N" : 0
        },
        "clat_ns" : {
          "min" : 0,
          "max" : 0,
          "mean" : 0.000000,
          "stddev" : 0.000000,
          "N" : 0
        },
        "lat_ns" : {
          "min" : 0,
          "max" : 0,
          "mean" : 0.000000,
          "stddev" : 0.000000,
          "N" : 0
        },
        "bw_min" : 0,
        "bw_max" : 0,
        "bw_agg" : 0.000000,
        "bw_mean" : 0.000000,
        "bw_dev" : 0.000000,
        "bw_samples" : 0,
        "iops_min" : 0,
        "iops_max" : 0,
        "iops_mean" : 0.000000,
        "iops_stddev" : 0.000000,
        "iops_samples" : 0
      },
      "sync" : {
        "total_ios" : 0,
        "lat_ns" : {
          "min" : 0,
          "max" : 0,
          "mean" : 0.000000,
          "stddev" : 0.000000,
          "N" : 0
        }
      },
      "job_runtime" : 32,
      "usr_cpu" : 62.500000,
      "sys_cpu" : 6.250000,
      "ctx" : 14,
      "majf" : 0,
      "minf" : 10,
      "iodepth_level" : {
        "1" : 100.000000,
        "2" : 0.000000,
        "4" : 0.000000,
        "8" : 0.000000,
        "16" : 0.000000,
        "32" : 0.000000,
        ">=64" : 0.000000
      },
      "iodepth_submit" : {
        "0" : 0.000000,
        "4" : 100.000000,
        "8" : 0.000000,
        "16" : 0.000000,
        "32" : 0.000000,
        "64" : 0.000000,
        ">=64" : 0.000000
      },
      "iodepth_complete" : {
        "0" : 0.000000,
        "4" : 100.000000,
        "8" : 0.000000,
        "16" : 0.000000,
        "32" : 0.000000,
        "64" : 0.000000,
        ">=64" : 0.000000
      },
      "latency_ns" : {
        "2" : 0.000000,
        "4" : 0.000000,
        "10" : 0.000000,
        "20" : 0.000000,
        "50" : 0.000000,
        "100" : 0.000000,
        "250" : 0.000000,
        "500" : 0.000000,
        "750" : 0.000000,
        "1000" : 0.000000
      },
      "latency_us" : {
        "2" : 0.000000,
        "4" : 0.000000,
        "10" : 0.000000,
        "20" : 0.000000,
        "50" : 97.254902,
        "100" : 0.392157,
        "250" : 0.196078,
        "500" : 0.392157,
        "750" : 0.784314,
        "1000" : 0.196078
      },
      "latency_ms" : {
        "2" : 0.392157,
        "4" : 0.392157,
        "10" : 0.000000,
        "20" : 0.000000,
        "50" : 0.000000,
        "100" : 0.000000,
        "250" : 0.000000,
        "500" : 0.000000,
        "750" : 0.000000,
        "1000" : 0.000000,
        "2000" : 0.000000,
        ">=2000" : 0.000000
      },
      "latency_depth" : 1,
      "latency_target" : 0,
      "latency_percentile" : 100.000000,
      "latency_window" : 0
    }
  ],
  "disk_util" : [
    {
      "name" : "loop1",
      "read_ios" : 0,
      "write_ios" : 0,
      "read_sectors" : 0,
      "write_sectors" : 0,
      "read_merges" : 0,
      "write_merges" : 0,
      "read_ticks" : 0,
      "write_ticks" : 0,
      "in_queue" : 0,
      "util" : 0.000000
    }
  ]
}
