{
  "fio version" : "fio-3.36-117-gb2403",
  "timestamp" : 1777457007,
  "timestamp_ms" : 1777457007055,
  "time" : "Wed Apr 29 10:03:27 2026",
  "jobs" : [
    {
      "jobname" : "b2-ext4-r1",
      "groupid" : 0,
      "job_start" : 1777457006474,
      "error" : 0,
      "eta" : 2147483647,
      "elapsed" : 1,
      "job options" : {
        "name" : "b2-ext4-r1",
        "filename" : "/var/volatile/beamfs-test/mnt-ext4/test.bin",
        "rw" : "write",
        "bs" : "4k",
        "direct" : "0",
        "ioengine" : "psync",
        "iodepth" : "1",
        "size" : "2088960",
        "fsync" : "1",
        "end_fsync" : "1"
      },
      "read" : {
        "io_bytes" : 0,
        "io_kbytes" : 0,
        "bw_bytes" : 0,
        "bw" : 0,
        "iops" : 0.000000,
        "runtime" : 0,
        "total_ios" : 0,
        "short_ios" : 0,
        "drop_ios" : 0,
        "slat_ns" : {
          "min" : 0,
          "max" : 0,
          "mean" : 0.000000,
          "stddev" : 0.000000,
          "N" : 0
        },
        "clat_ns" : {
          "min" : 0,
          "max" : 0,
          "mean" : 0.000000,
          "stddev" : 0.000000,
          "N" : 0
        },
        "lat_ns" : {
          "min" : 0,
          "max" : 0,
          "mean" : 0.000000,
          "stddev" : 0.000000,
          "N" : 0
        },
        "bw_min" : 0,
        "bw_max" : 0,
        "bw_agg" : 0.000000,
        "bw_mean" : 0.000000,
        "bw_dev" : 0.000000,
        "bw_samples" : 0,
        "iops_min" : 0,
        "iops_max" : 0,
        "iops_mean" : 0.000000,
        "iops_stddev" : 0.000000,
        "iops_samples" : 0
      },
      "write" : {
        "io_bytes" : 2088960,
        "io_kbytes" : 2040,
        "bw_bytes" : 4080000,
        "bw" : 3984,
        "iops" : 996.093750,
        "runtime" : 512,
        "total_ios" : 510,
        "short_ios" : 0,
        "drop_ios" : 0,
        "slat_ns" : {
          "min" : 0,
          "max" : 0,
          "mean" : 0.000000,
          "stddev" : 0.000000,
          "N" : 0
        },
        "clat_ns" : {
          "min" : 69602,
          "max" : 4208775,
          "mean" : 96439.186275,
          "stddev" : 184780.209831,
          "N" : 510,
          "percentile" : {
            "1.000000" : 70144,
            "5.000000" : 71168,
            "10.000000" : 71168,
            "20.000000" : 72192,
            "30.000000" : 73216,
            "40.000000" : 74240,
            "50.000000" : 75264,
            "60.000000" : 79360,
            "70.000000" : 85504,
            "80.000000" : 110080,
            "90.000000" : 115200,
            "95.000000" : 125440,
            "99.000000" : 216064,
            "99.500000" : 346112,
            "99.900000" : 4227072,
            "99.950000" : 4227072,
            "99.990000" : 4227072
          }
        },
        "lat_ns" : {
          "min" : 71586,
          "max" : 5518592,
          "mean" : 101145.978431,
          "stddev" : 242152.180287,
          "N" : 510
        },
        "bw_min" : 3984,
        "bw_max" : 3984,
        "bw_agg" : 99.990588,
        "bw_mean" : 3984.000000,
        "bw_dev" : 0.000000,
        "bw_samples" : 1,
        "iops_min" : 996,
        "iops_max" : 996,
        "iops_mean" : 996.000000,
        "iops_stddev" : 0.000000,
        "iops_samples" : 1
      },
      "trim" : {
        "io_bytes" : 0,
        "io_kbytes" : 0,
        "bw_bytes" : 0,
        "bw" : 0,
        "iops" : 0.000000,
        "runtime" : 0,
        "total_ios" : 0,
        "short_ios" : 0,
        "drop_ios" : 0,
        "slat_ns" : {
          "min" : 0,
          "max" : 0,
          "mean" : 0.000000,
          "stddev" : 0.000000,
          "N" : 0
        },
        "clat_ns" : {
          "min" : 0,
          "max" : 0,
          "mean" : 0.000000,
          "stddev" : 0.000000,
          "N" : 0
        },
        "lat_ns" : {
          "min" : 0,
          "max" : 0,
          "mean" : 0.000000,
          "stddev" : 0.000000,
          "N" : 0
        },
        "bw_min" : 0,
        "bw_max" : 0,
        "bw_agg" : 0.000000,
        "bw_mean" : 0.000000,
        "bw_dev" : 0.000000,
        "bw_samples" : 0,
        "iops_min" : 0,
        "iops_max" : 0,
        "iops_mean" : 0.000000,
        "iops_stddev" : 0.000000,
        "iops_samples" : 0
      },
      "sync" : {
        "total_ios" : 509,
        "lat_ns" : {
          "min" : 652005,
          "max" : 6312138,
          "mean" : 848034.047151,
          "stddev" : 272772.160812,
          "N" : 509,
          "percentile" : {
            "1.000000" : 700416,
            "5.000000" : 724992,
            "10.000000" : 741376,
            "20.000000" : 757760,
            "30.000000" : 774144,
            "40.000000" : 790528,
            "50.000000" : 798720,
            "60.000000" : 823296,
            "70.000000" : 856064,
            "80.000000" : 897024,
            "90.000000" : 954368,
            "95.000000" : 1056768,
            "99.000000" : 1384448,
            "99.500000" : 1630208,
            "99.900000" : 6324224,
            "99.950000" : 6324224,
            "99.990000" : 6324224
          }
        }
      },
      "job_runtime" : 513,
      "usr_cpu" : 10.916179,
      "sys_cpu" : 23.196881,
      "ctx" : 1041,
      "majf" : 0,
      "minf" : 11,
      "iodepth_level" : {
        "1" : 199.803922,
        "2" : 0.000000,
        "4" : 0.000000,
        "8" : 0.000000,
        "16" : 0.000000,
        "32" : 0.000000,
        ">=64" : 0.000000
      },
      "iodepth_submit" : {
        "0" : 0.000000,
        "4" : 100.000000,
        "8" : 0.000000,
        "16" : 0.000000,
        "32" : 0.000000,
        "64" : 0.000000,
        ">=64" : 0.000000
      },
      "iodepth_complete" : {
        "0" : 0.000000,
        "4" : 100.000000,
        "8" : 0.000000,
        "16" : 0.000000,
        "32" : 0.000000,
        "64" : 0.000000,
        ">=64" : 0.000000
      },
      "latency_ns" : {
        "2" : 0.000000,
        "4" : 0.000000,
        "10" : 0.000000,
        "20" : 0.000000,
        "50" : 0.000000,
        "100" : 0.000000,
        "250" : 0.000000,
        "500" : 0.000000,
        "750" : 0.000000,
        "1000" : 0.000000
      },
      "latency_us" : {
        "2" : 0.000000,
        "4" : 0.000000,
        "10" : 0.000000,
        "20" : 0.000000,
        "50" : 0.000000,
        "100" : 73.921569,
        "250" : 25.490196,
        "500" : 0.392157,
        "750" : 0.000000,
        "1000" : 0.000000
      },
      "latency_ms" : {
        "2" : 0.000000,
        "4" : 0.000000,
        "10" : 0.196078,
        "20" : 0.000000,
        "50" : 0.000000,
        "100" : 0.000000,
        "250" : 0.000000,
        "500" : 0.000000,
        "750" : 0.000000,
        "1000" : 0.000000,
        "2000" : 0.000000,
        ">=2000" : 0.000000
      },
      "latency_depth" : 1,
      "latency_target" : 0,
      "latency_percentile" : 100.000000,
      "latency_window" : 0
    }
  ],
  "disk_util" : [
    {
      "name" : "loop2",
      "read_ios" : 0,
      "write_ios" : 883,
      "read_sectors" : 0,
      "write_sectors" : 4138,
      "read_merges" : 0,
      "write_merges" : 301,
      "read_ticks" : 0,
      "write_ticks" : 108,
      "in_queue" : 132,
      "util" : 19.864560
    }
  ]
}
