{
  "fio version" : "fio-3.36-117-gb2403",
  "timestamp" : 1777457020,
  "timestamp_ms" : 1777457020286,
  "time" : "Wed Apr 29 10:03:40 2026",
  "jobs" : [
    {
      "jobname" : "b2-ext4-r10",
      "groupid" : 0,
      "job_start" : 1777457019774,
      "error" : 0,
      "eta" : 2147483647,
      "elapsed" : 1,
      "job options" : {
        "name" : "b2-ext4-r10",
        "filename" : "/var/volatile/beamfs-test/mnt-ext4/test.bin",
        "rw" : "write",
        "bs" : "4k",
        "direct" : "0",
        "ioengine" : "psync",
        "iodepth" : "1",
        "size" : "2088960",
        "fsync" : "1",
        "end_fsync" : "1"
      },
      "read" : {
        "io_bytes" : 0,
        "io_kbytes" : 0,
        "bw_bytes" : 0,
        "bw" : 0,
        "iops" : 0.000000,
        "runtime" : 0,
        "total_ios" : 0,
        "short_ios" : 0,
        "drop_ios" : 0,
        "slat_ns" : {
          "min" : 0,
          "max" : 0,
          "mean" : 0.000000,
          "stddev" : 0.000000,
          "N" : 0
        },
        "clat_ns" : {
          "min" : 0,
          "max" : 0,
          "mean" : 0.000000,
          "stddev" : 0.000000,
          "N" : 0
        },
        "lat_ns" : {
          "min" : 0,
          "max" : 0,
          "mean" : 0.000000,
          "stddev" : 0.000000,
          "N" : 0
        },
        "bw_min" : 0,
        "bw_max" : 0,
        "bw_agg" : 0.000000,
        "bw_mean" : 0.000000,
        "bw_dev" : 0.000000,
        "bw_samples" : 0,
        "iops_min" : 0,
        "iops_max" : 0,
        "iops_mean" : 0.000000,
        "iops_stddev" : 0.000000,
        "iops_samples" : 0
      },
      "write" : {
        "io_bytes" : 2088960,
        "io_kbytes" : 2040,
        "bw_bytes" : 4425762,
        "bw" : 4322,
        "iops" : 1080.508475,
        "runtime" : 472,
        "total_ios" : 510,
        "short_ios" : 0,
        "drop_ios" : 0,
        "slat_ns" : {
          "min" : 0,
          "max" : 0,
          "mean" : 0.000000,
          "stddev" : 0.000000,
          "N" : 0
        },
        "clat_ns" : {
          "min" : 70450,
          "max" : 1180421,
          "mean" : 112733.654902,
          "stddev" : 101223.072399,
          "N" : 510,
          "percentile" : {
            "1.000000" : 71168,
            "5.000000" : 72192,
            "10.000000" : 73216,
            "20.000000" : 74240,
            "30.000000" : 74240,
            "40.000000" : 75264,
            "50.000000" : 76288,
            "60.000000" : 81408,
            "70.000000" : 113152,
            "80.000000" : 118272,
            "90.000000" : 162816,
            "95.000000" : 238592,
            "99.000000" : 593920,
            "99.500000" : 643072,
            "99.900000" : 1187840,
            "99.950000" : 1187840,
            "99.990000" : 1187840
          }
        },
        "lat_ns" : {
          "min" : 72322,
          "max" : 1182390,
          "mean" : 115393.690196,
          "stddev" : 104252.410805,
          "N" : 510
        },
        "bw_min" : 0,
        "bw_max" : 0,
        "bw_agg" : 0.000000,
        "bw_mean" : 0.000000,
        "bw_dev" : 0.000000,
        "bw_samples" : 0,
        "iops_min" : 0,
        "iops_max" : 0,
        "iops_mean" : 0.000000,
        "iops_stddev" : 0.000000,
        "iops_samples" : 0
      },
      "trim" : {
        "io_bytes" : 0,
        "io_kbytes" : 0,
        "bw_bytes" : 0,
        "bw" : 0,
        "iops" : 0.000000,
        "runtime" : 0,
        "total_ios" : 0,
        "short_ios" : 0,
        "drop_ios" : 0,
        "slat_ns" : {
          "min" : 0,
          "max" : 0,
          "mean" : 0.000000,
          "stddev" : 0.000000,
          "N" : 0
        },
        "clat_ns" : {
          "min" : 0,
          "max" : 0,
          "mean" : 0.000000,
          "stddev" : 0.000000,
          "N" : 0
        },
        "lat_ns" : {
          "min" : 0,
          "max" : 0,
          "mean" : 0.000000,
          "stddev" : 0.000000,
          "N" : 0
        },
        "bw_min" : 0,
        "bw_max" : 0,
        "bw_agg" : 0.000000,
        "bw_mean" : 0.000000,
        "bw_dev" : 0.000000,
        "bw_samples" : 0,
        "iops_min" : 0,
        "iops_max" : 0,
        "iops_mean" : 0.000000,
        "iops_stddev" : 0.000000,
        "iops_samples" : 0
      },
      "sync" : {
        "total_ios" : 509,
        "lat_ns" : {
          "min" : 632244,
          "max" : 2363948,
          "mean" : 779360.202358,
          "stddev" : 167163.094177,
          "N" : 509,
          "percentile" : {
            "1.000000" : 651264,
            "5.000000" : 667648,
            "10.000000" : 684032,
            "20.000000" : 692224,
            "30.000000" : 700416,
            "40.000000" : 716800,
            "50.000000" : 716800,
            "60.000000" : 733184,
            "70.000000" : 774144,
            "80.000000" : 839680,
            "90.000000" : 913408,
            "95.000000" : 1044480,
            "99.000000" : 1466368,
            "99.500000" : 1712128,
            "99.900000" : 2375680,
            "99.950000" : 2375680,
            "99.990000" : 2375680
          }
        }
      },
      "job_runtime" : 471,
      "usr_cpu" : 11.252654,
      "sys_cpu" : 26.963907,
      "ctx" : 1047,
      "majf" : 0,
      "minf" : 11,
      "iodepth_level" : {
        "1" : 199.803922,
        "2" : 0.000000,
        "4" : 0.000000,
        "8" : 0.000000,
        "16" : 0.000000,
        "32" : 0.000000,
        ">=64" : 0.000000
      },
      "iodepth_submit" : {
        "0" : 0.000000,
        "4" : 100.000000,
        "8" : 0.000000,
        "16" : 0.000000,
        "32" : 0.000000,
        "64" : 0.000000,
        ">=64" : 0.000000
      },
      "iodepth_complete" : {
        "0" : 0.000000,
        "4" : 100.000000,
        "8" : 0.000000,
        "16" : 0.000000,
        "32" : 0.000000,
        "64" : 0.000000,
        ">=64" : 0.000000
      },
      "latency_ns" : {
        "2" : 0.000000,
        "4" : 0.000000,
        "10" : 0.000000,
        "20" : 0.000000,
        "50" : 0.000000,
        "100" : 0.000000,
        "250" : 0.000000,
        "500" : 0.000000,
        "750" : 0.000000,
        "1000" : 0.000000
      },
      "latency_us" : {
        "2" : 0.000000,
        "4" : 0.000000,
        "10" : 0.000000,
        "20" : 0.000000,
        "50" : 0.000000,
        "100" : 67.254902,
        "250" : 28.039216,
        "500" : 1.960784,
        "750" : 2.549020,
        "1000" : 0.000000
      },
      "latency_ms" : {
        "2" : 0.196078,
        "4" : 0.000000,
        "10" : 0.000000,
        "20" : 0.000000,
        "50" : 0.000000,
        "100" : 0.000000,
        "250" : 0.000000,
        "500" : 0.000000,
        "750" : 0.000000,
        "1000" : 0.000000,
        "2000" : 0.000000,
        ">=2000" : 0.000000
      },
      "latency_depth" : 1,
      "latency_target" : 0,
      "latency_percentile" : 100.000000,
      "latency_window" : 0
    }
  ],
  "disk_util" : [
    {
      "name" : "loop2",
      "read_ios" : 0,
      "write_ios" : 1017,
      "read_sectors" : 0,
      "write_sectors" : 4758,
      "read_merges" : 0,
      "write_merges" : 345,
      "read_ticks" : 0,
      "write_ticks" : 127,
      "in_queue" : 161,
      "util" : 29.864253
    }
  ]
}
