{
  "fio version" : "fio-3.36-117-gb2403",
  "timestamp" : 1777457015,
  "timestamp_ms" : 1777457015910,
  "time" : "Wed Apr 29 10:03:35 2026",
  "jobs" : [
    {
      "jobname" : "b2-ext4-r7",
      "groupid" : 0,
      "job_start" : 1777457015311,
      "error" : 0,
      "eta" : 2147483647,
      "elapsed" : 1,
      "job options" : {
        "name" : "b2-ext4-r7",
        "filename" : "/var/volatile/beamfs-test/mnt-ext4/test.bin",
        "rw" : "write",
        "bs" : "4k",
        "direct" : "0",
        "ioengine" : "psync",
        "iodepth" : "1",
        "size" : "2088960",
        "fsync" : "1",
        "end_fsync" : "1"
      },
      "read" : {
        "io_bytes" : 0,
        "io_kbytes" : 0,
        "bw_bytes" : 0,
        "bw" : 0,
        "iops" : 0.000000,
        "runtime" : 0,
        "total_ios" : 0,
        "short_ios" : 0,
        "drop_ios" : 0,
        "slat_ns" : {
          "min" : 0,
          "max" : 0,
          "mean" : 0.000000,
          "stddev" : 0.000000,
          "N" : 0
        },
        "clat_ns" : {
          "min" : 0,
          "max" : 0,
          "mean" : 0.000000,
          "stddev" : 0.000000,
          "N" : 0
        },
        "lat_ns" : {
          "min" : 0,
          "max" : 0,
          "mean" : 0.000000,
          "stddev" : 0.000000,
          "N" : 0
        },
        "bw_min" : 0,
        "bw_max" : 0,
        "bw_agg" : 0.000000,
        "bw_mean" : 0.000000,
        "bw_dev" : 0.000000,
        "bw_samples" : 0,
        "iops_min" : 0,
        "iops_max" : 0,
        "iops_mean" : 0.000000,
        "iops_stddev" : 0.000000,
        "iops_samples" : 0
      },
      "write" : {
        "io_bytes" : 2088960,
        "io_kbytes" : 2040,
        "bw_bytes" : 3941433,
        "bw" : 3849,
        "iops" : 962.264151,
        "runtime" : 530,
        "total_ios" : 510,
        "short_ios" : 0,
        "drop_ios" : 0,
        "slat_ns" : {
          "min" : 0,
          "max" : 0,
          "mean" : 0.000000,
          "stddev" : 0.000000,
          "N" : 0
        },
        "clat_ns" : {
          "min" : 69985,
          "max" : 788237,
          "mean" : 103536.056863,
          "stddev" : 68120.009449,
          "N" : 510,
          "percentile" : {
            "1.000000" : 70144,
            "5.000000" : 71168,
            "10.000000" : 72192,
            "20.000000" : 74240,
            "30.000000" : 75264,
            "40.000000" : 77312,
            "50.000000" : 79360,
            "60.000000" : 83456,
            "70.000000" : 109056,
            "80.000000" : 118272,
            "90.000000" : 129536,
            "95.000000" : 193536,
            "99.000000" : 444416,
            "99.500000" : 456704,
            "99.900000" : 790528,
            "99.950000" : 790528,
            "99.990000" : 790528
          }
        },
        "lat_ns" : {
          "min" : 72465,
          "max" : 1024817,
          "mean" : 106835.311765,
          "stddev" : 74423.552849,
          "N" : 510
        },
        "bw_min" : 3824,
        "bw_max" : 3824,
        "bw_agg" : 99.349044,
        "bw_mean" : 3824.000000,
        "bw_dev" : 0.000000,
        "bw_samples" : 1,
        "iops_min" : 956,
        "iops_max" : 956,
        "iops_mean" : 956.000000,
        "iops_stddev" : 0.000000,
        "iops_samples" : 1
      },
      "trim" : {
        "io_bytes" : 0,
        "io_kbytes" : 0,
        "bw_bytes" : 0,
        "bw" : 0,
        "iops" : 0.000000,
        "runtime" : 0,
        "total_ios" : 0,
        "short_ios" : 0,
        "drop_ios" : 0,
        "slat_ns" : {
          "min" : 0,
          "max" : 0,
          "mean" : 0.000000,
          "stddev" : 0.000000,
          "N" : 0
        },
        "clat_ns" : {
          "min" : 0,
          "max" : 0,
          "mean" : 0.000000,
          "stddev" : 0.000000,
          "N" : 0
        },
        "lat_ns" : {
          "min" : 0,
          "max" : 0,
          "mean" : 0.000000,
          "stddev" : 0.000000,
          "N" : 0
        },
        "bw_min" : 0,
        "bw_max" : 0,
        "bw_agg" : 0.000000,
        "bw_mean" : 0.000000,
        "bw_dev" : 0.000000,
        "bw_samples" : 0,
        "iops_min" : 0,
        "iops_max" : 0,
        "iops_mean" : 0.000000,
        "iops_stddev" : 0.000000,
        "iops_samples" : 0
      },
      "sync" : {
        "total_ios" : 509,
        "lat_ns" : {
          "min" : 640058,
          "max" : 3743020,
          "mean" : 901085.978389,
          "stddev" : 436860.662166,
          "N" : 509,
          "percentile" : {
            "1.000000" : 659456,
            "5.000000" : 692224,
            "10.000000" : 700416,
            "20.000000" : 716800,
            "30.000000" : 733184,
            "40.000000" : 741376,
            "50.000000" : 765952,
            "60.000000" : 806912,
            "70.000000" : 856064,
            "80.000000" : 921600,
            "90.000000" : 1155072,
            "95.000000" : 1482752,
            "99.000000" : 3325952,
            "99.500000" : 3522560,
            "99.900000" : 3751936,
            "99.950000" : 3751936,
            "99.990000" : 3751936
          }
        }
      },
      "job_runtime" : 530,
      "usr_cpu" : 9.245283,
      "sys_cpu" : 24.150943,
      "ctx" : 1045,
      "majf" : 0,
      "minf" : 11,
      "iodepth_level" : {
        "1" : 199.803922,
        "2" : 0.000000,
        "4" : 0.000000,
        "8" : 0.000000,
        "16" : 0.000000,
        "32" : 0.000000,
        ">=64" : 0.000000
      },
      "iodepth_submit" : {
        "0" : 0.000000,
        "4" : 100.000000,
        "8" : 0.000000,
        "16" : 0.000000,
        "32" : 0.000000,
        "64" : 0.000000,
        ">=64" : 0.000000
      },
      "iodepth_complete" : {
        "0" : 0.000000,
        "4" : 100.000000,
        "8" : 0.000000,
        "16" : 0.000000,
        "32" : 0.000000,
        "64" : 0.000000,
        ">=64" : 0.000000
      },
      "latency_ns" : {
        "2" : 0.000000,
        "4" : 0.000000,
        "10" : 0.000000,
        "20" : 0.000000,
        "50" : 0.000000,
        "100" : 0.000000,
        "250" : 0.000000,
        "500" : 0.000000,
        "750" : 0.000000,
        "1000" : 0.000000
      },
      "latency_us" : {
        "2" : 0.000000,
        "4" : 0.000000,
        "10" : 0.000000,
        "20" : 0.000000,
        "50" : 0.000000,
        "100" : 69.019608,
        "250" : 27.450980,
        "500" : 3.333333,
        "750" : 0.000000,
        "1000" : 0.196078
      },
      "latency_ms" : {
        "2" : 0.000000,
        "4" : 0.000000,
        "10" : 0.000000,
        "20" : 0.000000,
        "50" : 0.000000,
        "100" : 0.000000,
        "250" : 0.000000,
        "500" : 0.000000,
        "750" : 0.000000,
        "1000" : 0.000000,
        "2000" : 0.000000,
        ">=2000" : 0.000000
      },
      "latency_depth" : 1,
      "latency_target" : 0,
      "latency_percentile" : 100.000000,
      "latency_window" : 0
    }
  ],
  "disk_util" : [
    {
      "name" : "loop2",
      "read_ios" : 0,
      "write_ios" : 899,
      "read_sectors" : 0,
      "write_sectors" : 4210,
      "read_merges" : 0,
      "write_merges" : 306,
      "read_ticks" : 0,
      "write_ticks" : 120,
      "in_queue" : 151,
      "util" : 26.785714
    }
  ]
}
