{
  "fio version" : "fio-3.36-117-gb2403",
  "timestamp" : 1777457014,
  "timestamp_ms" : 1777457014351,
  "time" : "Wed Apr 29 10:03:34 2026",
  "jobs" : [
    {
      "jobname" : "b2-ext4-r6",
      "groupid" : 0,
      "job_start" : 1777457013827,
      "error" : 0,
      "eta" : 2147483647,
      "elapsed" : 1,
      "job options" : {
        "name" : "b2-ext4-r6",
        "filename" : "/var/volatile/beamfs-test/mnt-ext4/test.bin",
        "rw" : "write",
        "bs" : "4k",
        "direct" : "0",
        "ioengine" : "psync",
        "iodepth" : "1",
        "size" : "2088960",
        "fsync" : "1",
        "end_fsync" : "1"
      },
      "read" : {
        "io_bytes" : 0,
        "io_kbytes" : 0,
        "bw_bytes" : 0,
        "bw" : 0,
        "iops" : 0.000000,
        "runtime" : 0,
        "total_ios" : 0,
        "short_ios" : 0,
        "drop_ios" : 0,
        "slat_ns" : {
          "min" : 0,
          "max" : 0,
          "mean" : 0.000000,
          "stddev" : 0.000000,
          "N" : 0
        },
        "clat_ns" : {
          "min" : 0,
          "max" : 0,
          "mean" : 0.000000,
          "stddev" : 0.000000,
          "N" : 0
        },
        "lat_ns" : {
          "min" : 0,
          "max" : 0,
          "mean" : 0.000000,
          "stddev" : 0.000000,
          "N" : 0
        },
        "bw_min" : 0,
        "bw_max" : 0,
        "bw_agg" : 0.000000,
        "bw_mean" : 0.000000,
        "bw_dev" : 0.000000,
        "bw_samples" : 0,
        "iops_min" : 0,
        "iops_max" : 0,
        "iops_mean" : 0.000000,
        "iops_stddev" : 0.000000,
        "iops_samples" : 0
      },
      "write" : {
        "io_bytes" : 2088960,
        "io_kbytes" : 2040,
        "bw_bytes" : 4407088,
        "bw" : 4303,
        "iops" : 1075.949367,
        "runtime" : 474,
        "total_ios" : 510,
        "short_ios" : 0,
        "drop_ios" : 0,
        "slat_ns" : {
          "min" : 0,
          "max" : 0,
          "mean" : 0.000000,
          "stddev" : 0.000000,
          "N" : 0
        },
        "clat_ns" : {
          "min" : 68257,
          "max" : 598938,
          "mean" : 91880.917647,
          "stddev" : 35842.539971,
          "N" : 510,
          "percentile" : {
            "1.000000" : 70144,
            "5.000000" : 72192,
            "10.000000" : 72192,
            "20.000000" : 74240,
            "30.000000" : 75264,
            "40.000000" : 77312,
            "50.000000" : 78336,
            "60.000000" : 79360,
            "70.000000" : 87552,
            "80.000000" : 114176,
            "90.000000" : 121344,
            "95.000000" : 140288,
            "99.000000" : 220160,
            "99.500000" : 248832,
            "99.900000" : 602112,
            "99.950000" : 602112,
            "99.990000" : 602112
          }
        },
        "lat_ns" : {
          "min" : 70049,
          "max" : 836510,
          "mean" : 94547.464706,
          "stddev" : 43293.572891,
          "N" : 510
        },
        "bw_min" : 0,
        "bw_max" : 0,
        "bw_agg" : 0.000000,
        "bw_mean" : 0.000000,
        "bw_dev" : 0.000000,
        "bw_samples" : 0,
        "iops_min" : 0,
        "iops_max" : 0,
        "iops_mean" : 0.000000,
        "iops_stddev" : 0.000000,
        "iops_samples" : 0
      },
      "trim" : {
        "io_bytes" : 0,
        "io_kbytes" : 0,
        "bw_bytes" : 0,
        "bw" : 0,
        "iops" : 0.000000,
        "runtime" : 0,
        "total_ios" : 0,
        "short_ios" : 0,
        "drop_ios" : 0,
        "slat_ns" : {
          "min" : 0,
          "max" : 0,
          "mean" : 0.000000,
          "stddev" : 0.000000,
          "N" : 0
        },
        "clat_ns" : {
          "min" : 0,
          "max" : 0,
          "mean" : 0.000000,
          "stddev" : 0.000000,
          "N" : 0
        },
        "lat_ns" : {
          "min" : 0,
          "max" : 0,
          "mean" : 0.000000,
          "stddev" : 0.000000,
          "N" : 0
        },
        "bw_min" : 0,
        "bw_max" : 0,
        "bw_agg" : 0.000000,
        "bw_mean" : 0.000000,
        "bw_dev" : 0.000000,
        "bw_samples" : 0,
        "iops_min" : 0,
        "iops_max" : 0,
        "iops_mean" : 0.000000,
        "iops_stddev" : 0.000000,
        "iops_samples" : 0
      },
      "sync" : {
        "total_ios" : 509,
        "lat_ns" : {
          "min" : 624634,
          "max" : 3046497,
          "mean" : 807081.314342,
          "stddev" : 158635.095378,
          "N" : 509,
          "percentile" : {
            "1.000000" : 667648,
            "5.000000" : 684032,
            "10.000000" : 700416,
            "20.000000" : 716800,
            "30.000000" : 733184,
            "40.000000" : 749568,
            "50.000000" : 765952,
            "60.000000" : 782336,
            "70.000000" : 823296,
            "80.000000" : 872448,
            "90.000000" : 946176,
            "95.000000" : 1036288,
            "99.000000" : 1318912,
            "99.500000" : 1466368,
            "99.900000" : 3031040,
            "99.950000" : 3031040,
            "99.990000" : 3031040
          }
        }
      },
      "job_runtime" : 473,
      "usr_cpu" : 5.073996,
      "sys_cpu" : 28.752643,
      "ctx" : 1032,
      "majf" : 0,
      "minf" : 11,
      "iodepth_level" : {
        "1" : 199.803922,
        "2" : 0.000000,
        "4" : 0.000000,
        "8" : 0.000000,
        "16" : 0.000000,
        "32" : 0.000000,
        ">=64" : 0.000000
      },
      "iodepth_submit" : {
        "0" : 0.000000,
        "4" : 100.000000,
        "8" : 0.000000,
        "16" : 0.000000,
        "32" : 0.000000,
        "64" : 0.000000,
        ">=64" : 0.000000
      },
      "iodepth_complete" : {
        "0" : 0.000000,
        "4" : 100.000000,
        "8" : 0.000000,
        "16" : 0.000000,
        "32" : 0.000000,
        "64" : 0.000000,
        ">=64" : 0.000000
      },
      "latency_ns" : {
        "2" : 0.000000,
        "4" : 0.000000,
        "10" : 0.000000,
        "20" : 0.000000,
        "50" : 0.000000,
        "100" : 0.000000,
        "250" : 0.000000,
        "500" : 0.000000,
        "750" : 0.000000,
        "1000" : 0.000000
      },
      "latency_us" : {
        "2" : 0.000000,
        "4" : 0.000000,
        "10" : 0.000000,
        "20" : 0.000000,
        "50" : 0.000000,
        "100" : 73.137255,
        "250" : 26.470588,
        "500" : 0.196078,
        "750" : 0.196078,
        "1000" : 0.000000
      },
      "latency_ms" : {
        "2" : 0.000000,
        "4" : 0.000000,
        "10" : 0.000000,
        "20" : 0.000000,
        "50" : 0.000000,
        "100" : 0.000000,
        "250" : 0.000000,
        "500" : 0.000000,
        "750" : 0.000000,
        "1000" : 0.000000,
        "2000" : 0.000000,
        ">=2000" : 0.000000
      },
      "latency_depth" : 1,
      "latency_target" : 0,
      "latency_percentile" : 100.000000,
      "latency_window" : 0
    }
  ],
  "disk_util" : [
    {
      "name" : "loop2",
      "read_ios" : 0,
      "write_ios" : 1053,
      "read_sectors" : 0,
      "write_sectors" : 4926,
      "read_merges" : 0,
      "write_merges" : 357,
      "read_ticks" : 0,
      "write_ticks" : 117,
      "in_queue" : 148,
      "util" : 17.155756
    }
  ]
}
