{
  "fio version" : "fio-3.36-117-gb2403",
  "timestamp" : 1777457008,
  "timestamp_ms" : 1777457008554,
  "time" : "Wed Apr 29 10:03:28 2026",
  "jobs" : [
    {
      "jobname" : "b2-ext4-r2",
      "groupid" : 0,
      "job_start" : 1777457007965,
      "error" : 0,
      "eta" : 2147483647,
      "elapsed" : 1,
      "job options" : {
        "name" : "b2-ext4-r2",
        "filename" : "/var/volatile/beamfs-test/mnt-ext4/test.bin",
        "rw" : "write",
        "bs" : "4k",
        "direct" : "0",
        "ioengine" : "psync",
        "iodepth" : "1",
        "size" : "2088960",
        "fsync" : "1",
        "end_fsync" : "1"
      },
      "read" : {
        "io_bytes" : 0,
        "io_kbytes" : 0,
        "bw_bytes" : 0,
        "bw" : 0,
        "iops" : 0.000000,
        "runtime" : 0,
        "total_ios" : 0,
        "short_ios" : 0,
        "drop_ios" : 0,
        "slat_ns" : {
          "min" : 0,
          "max" : 0,
          "mean" : 0.000000,
          "stddev" : 0.000000,
          "N" : 0
        },
        "clat_ns" : {
          "min" : 0,
          "max" : 0,
          "mean" : 0.000000,
          "stddev" : 0.000000,
          "N" : 0
        },
        "lat_ns" : {
          "min" : 0,
          "max" : 0,
          "mean" : 0.000000,
          "stddev" : 0.000000,
          "N" : 0
        },
        "bw_min" : 0,
        "bw_max" : 0,
        "bw_agg" : 0.000000,
        "bw_mean" : 0.000000,
        "bw_dev" : 0.000000,
        "bw_samples" : 0,
        "iops_min" : 0,
        "iops_max" : 0,
        "iops_mean" : 0.000000,
        "iops_stddev" : 0.000000,
        "iops_samples" : 0
      },
      "write" : {
        "io_bytes" : 2088960,
        "io_kbytes" : 2040,
        "bw_bytes" : 4177920,
        "bw" : 4080,
        "iops" : 1020.000000,
        "runtime" : 500,
        "total_ios" : 510,
        "short_ios" : 0,
        "drop_ios" : 0,
        "slat_ns" : {
          "min" : 0,
          "max" : 0,
          "mean" : 0.000000,
          "stddev" : 0.000000,
          "N" : 0
        },
        "clat_ns" : {
          "min" : 70738,
          "max" : 1206631,
          "mean" : 122099.668627,
          "stddev" : 117534.789243,
          "N" : 510,
          "percentile" : {
            "1.000000" : 72192,
            "5.000000" : 73216,
            "10.000000" : 73216,
            "20.000000" : 75264,
            "30.000000" : 76288,
            "40.000000" : 77312,
            "50.000000" : 78336,
            "60.000000" : 85504,
            "70.000000" : 114176,
            "80.000000" : 121344,
            "90.000000" : 189440,
            "95.000000" : 346112,
            "99.000000" : 700416,
            "99.500000" : 806912,
            "99.900000" : 1204224,
            "99.950000" : 1204224,
            "99.990000" : 1204224
          }
        },
        "lat_ns" : {
          "min" : 73218,
          "max" : 1209799,
          "mean" : 125952.407843,
          "stddev" : 120718.991501,
          "N" : 510
        },
        "bw_min" : 4080,
        "bw_max" : 4080,
        "bw_agg" : 100.000000,
        "bw_mean" : 4080.000000,
        "bw_dev" : 0.000000,
        "bw_samples" : 1,
        "iops_min" : 1020,
        "iops_max" : 1020,
        "iops_mean" : 1020.000000,
        "iops_stddev" : 0.000000,
        "iops_samples" : 1
      },
      "trim" : {
        "io_bytes" : 0,
        "io_kbytes" : 0,
        "bw_bytes" : 0,
        "bw" : 0,
        "iops" : 0.000000,
        "runtime" : 0,
        "total_ios" : 0,
        "short_ios" : 0,
        "drop_ios" : 0,
        "slat_ns" : {
          "min" : 0,
          "max" : 0,
          "mean" : 0.000000,
          "stddev" : 0.000000,
          "N" : 0
        },
        "clat_ns" : {
          "min" : 0,
          "max" : 0,
          "mean" : 0.000000,
          "stddev" : 0.000000,
          "N" : 0
        },
        "lat_ns" : {
          "min" : 0,
          "max" : 0,
          "mean" : 0.000000,
          "stddev" : 0.000000,
          "N" : 0
        },
        "bw_min" : 0,
        "bw_max" : 0,
        "bw_agg" : 0.000000,
        "bw_mean" : 0.000000,
        "bw_dev" : 0.000000,
        "bw_samples" : 0,
        "iops_min" : 0,
        "iops_max" : 0,
        "iops_mean" : 0.000000,
        "iops_stddev" : 0.000000,
        "iops_samples" : 0
      },
      "sync" : {
        "total_ios" : 509,
        "lat_ns" : {
          "min" : 613587,
          "max" : 2624500,
          "mean" : 820234.265226,
          "stddev" : 183035.022671,
          "N" : 509,
          "percentile" : {
            "1.000000" : 643072,
            "5.000000" : 659456,
            "10.000000" : 684032,
            "20.000000" : 700416,
            "30.000000" : 724992,
            "40.000000" : 765952,
            "50.000000" : 782336,
            "60.000000" : 798720,
            "70.000000" : 831488,
            "80.000000" : 872448,
            "90.000000" : 978944,
            "95.000000" : 1089536,
            "99.000000" : 1630208,
            "99.500000" : 1728512,
            "99.900000" : 2637824,
            "99.950000" : 2637824,
            "99.990000" : 2637824
          }
        }
      },
      "job_runtime" : 500,
      "usr_cpu" : 9.800000,
      "sys_cpu" : 26.800000,
      "ctx" : 1055,
      "majf" : 0,
      "minf" : 11,
      "iodepth_level" : {
        "1" : 199.803922,
        "2" : 0.000000,
        "4" : 0.000000,
        "8" : 0.000000,
        "16" : 0.000000,
        "32" : 0.000000,
        ">=64" : 0.000000
      },
      "iodepth_submit" : {
        "0" : 0.000000,
        "4" : 100.000000,
        "8" : 0.000000,
        "16" : 0.000000,
        "32" : 0.000000,
        "64" : 0.000000,
        ">=64" : 0.000000
      },
      "iodepth_complete" : {
        "0" : 0.000000,
        "4" : 100.000000,
        "8" : 0.000000,
        "16" : 0.000000,
        "32" : 0.000000,
        "64" : 0.000000,
        ">=64" : 0.000000
      },
      "latency_ns" : {
        "2" : 0.000000,
        "4" : 0.000000,
        "10" : 0.000000,
        "20" : 0.000000,
        "50" : 0.000000,
        "100" : 0.000000,
        "250" : 0.000000,
        "500" : 0.000000,
        "750" : 0.000000,
        "1000" : 0.000000
      },
      "latency_us" : {
        "2" : 0.000000,
        "4" : 0.000000,
        "10" : 0.000000,
        "20" : 0.000000,
        "50" : 0.000000,
        "100" : 64.313725,
        "250" : 29.215686,
        "500" : 3.921569,
        "750" : 1.764706,
        "1000" : 0.588235
      },
      "latency_ms" : {
        "2" : 0.196078,
        "4" : 0.000000,
        "10" : 0.000000,
        "20" : 0.000000,
        "50" : 0.000000,
        "100" : 0.000000,
        "250" : 0.000000,
        "500" : 0.000000,
        "750" : 0.000000,
        "1000" : 0.000000,
        "2000" : 0.000000,
        ">=2000" : 0.000000
      },
      "latency_depth" : 1,
      "latency_target" : 0,
      "latency_percentile" : 100.000000,
      "latency_window" : 0
    }
  ],
  "disk_util" : [
    {
      "name" : "loop2",
      "read_ios" : 0,
      "write_ios" : 1005,
      "read_sectors" : 0,
      "write_sectors" : 4704,
      "read_merges" : 0,
      "write_merges" : 342,
      "read_ticks" : 0,
      "write_ticks" : 129,
      "in_queue" : 161,
      "util" : 33.258427
    }
  ]
}
