{
  "fio version" : "fio-3.36-117-gb2403",
  "timestamp" : 1777457010,
  "timestamp_ms" : 1777457010063,
  "time" : "Wed Apr 29 10:03:30 2026",
  "jobs" : [
    {
      "jobname" : "b2-ext4-r3",
      "groupid" : 0,
      "job_start" : 1777457009488,
      "error" : 0,
      "eta" : 2147483647,
      "elapsed" : 1,
      "job options" : {
        "name" : "b2-ext4-r3",
        "filename" : "/var/volatile/beamfs-test/mnt-ext4/test.bin",
        "rw" : "write",
        "bs" : "4k",
        "direct" : "0",
        "ioengine" : "psync",
        "iodepth" : "1",
        "size" : "2088960",
        "fsync" : "1",
        "end_fsync" : "1"
      },
      "read" : {
        "io_bytes" : 0,
        "io_kbytes" : 0,
        "bw_bytes" : 0,
        "bw" : 0,
        "iops" : 0.000000,
        "runtime" : 0,
        "total_ios" : 0,
        "short_ios" : 0,
        "drop_ios" : 0,
        "slat_ns" : {
          "min" : 0,
          "max" : 0,
          "mean" : 0.000000,
          "stddev" : 0.000000,
          "N" : 0
        },
        "clat_ns" : {
          "min" : 0,
          "max" : 0,
          "mean" : 0.000000,
          "stddev" : 0.000000,
          "N" : 0
        },
        "lat_ns" : {
          "min" : 0,
          "max" : 0,
          "mean" : 0.000000,
          "stddev" : 0.000000,
          "N" : 0
        },
        "bw_min" : 0,
        "bw_max" : 0,
        "bw_agg" : 0.000000,
        "bw_mean" : 0.000000,
        "bw_dev" : 0.000000,
        "bw_samples" : 0,
        "iops_min" : 0,
        "iops_max" : 0,
        "iops_mean" : 0.000000,
        "iops_stddev" : 0.000000,
        "iops_samples" : 0
      },
      "write" : {
        "io_bytes" : 2088960,
        "io_kbytes" : 2040,
        "bw_bytes" : 4153001,
        "bw" : 4055,
        "iops" : 1013.916501,
        "runtime" : 503,
        "total_ios" : 510,
        "short_ios" : 0,
        "drop_ios" : 0,
        "slat_ns" : {
          "min" : 0,
          "max" : 0,
          "mean" : 0.000000,
          "stddev" : 0.000000,
          "N" : 0
        },
        "clat_ns" : {
          "min" : 70034,
          "max" : 653285,
          "mean" : 94591.790196,
          "stddev" : 39422.890174,
          "N" : 510,
          "percentile" : {
            "1.000000" : 71168,
            "5.000000" : 72192,
            "10.000000" : 73216,
            "20.000000" : 74240,
            "30.000000" : 76288,
            "40.000000" : 77312,
            "50.000000" : 79360,
            "60.000000" : 82432,
            "70.000000" : 93696,
            "80.000000" : 116224,
            "90.000000" : 124416,
            "95.000000" : 142336,
            "99.000000" : 218112,
            "99.500000" : 252928,
            "99.900000" : 651264,
            "99.950000" : 651264,
            "99.990000" : 651264
          }
        },
        "lat_ns" : {
          "min" : 72018,
          "max" : 888060,
          "mean" : 97318.433333,
          "stddev" : 46692.266133,
          "N" : 510
        },
        "bw_min" : 4072,
        "bw_max" : 4072,
        "bw_agg" : 100.000000,
        "bw_mean" : 4072.000000,
        "bw_dev" : 0.000000,
        "bw_samples" : 1,
        "iops_min" : 1018,
        "iops_max" : 1018,
        "iops_mean" : 1018.000000,
        "iops_stddev" : 0.000000,
        "iops_samples" : 1
      },
      "trim" : {
        "io_bytes" : 0,
        "io_kbytes" : 0,
        "bw_bytes" : 0,
        "bw" : 0,
        "iops" : 0.000000,
        "runtime" : 0,
        "total_ios" : 0,
        "short_ios" : 0,
        "drop_ios" : 0,
        "slat_ns" : {
          "min" : 0,
          "max" : 0,
          "mean" : 0.000000,
          "stddev" : 0.000000,
          "N" : 0
        },
        "clat_ns" : {
          "min" : 0,
          "max" : 0,
          "mean" : 0.000000,
          "stddev" : 0.000000,
          "N" : 0
        },
        "lat_ns" : {
          "min" : 0,
          "max" : 0,
          "mean" : 0.000000,
          "stddev" : 0.000000,
          "N" : 0
        },
        "bw_min" : 0,
        "bw_max" : 0,
        "bw_agg" : 0.000000,
        "bw_mean" : 0.000000,
        "bw_dev" : 0.000000,
        "bw_samples" : 0,
        "iops_min" : 0,
        "iops_max" : 0,
        "iops_mean" : 0.000000,
        "iops_stddev" : 0.000000,
        "iops_samples" : 0
      },
      "sync" : {
        "total_ios" : 509,
        "lat_ns" : {
          "min" : 664421,
          "max" : 2064674,
          "mean" : 855819.909627,
          "stddev" : 163882.909316,
          "N" : 509,
          "percentile" : {
            "1.000000" : 692224,
            "5.000000" : 708608,
            "10.000000" : 724992,
            "20.000000" : 749568,
            "30.000000" : 765952,
            "40.000000" : 782336,
            "50.000000" : 806912,
            "60.000000" : 831488,
            "70.000000" : 880640,
            "80.000000" : 929792,
            "90.000000" : 1044480,
            "95.000000" : 1187840,
            "99.000000" : 1417216,
            "99.500000" : 1761280,
            "99.900000" : 2072576,
            "99.950000" : 2072576,
            "99.990000" : 2072576
          }
        }
      },
      "job_runtime" : 503,
      "usr_cpu" : 12.524851,
      "sys_cpu" : 21.471173,
      "ctx" : 1049,
      "majf" : 0,
      "minf" : 10,
      "iodepth_level" : {
        "1" : 199.803922,
        "2" : 0.000000,
        "4" : 0.000000,
        "8" : 0.000000,
        "16" : 0.000000,
        "32" : 0.000000,
        ">=64" : 0.000000
      },
      "iodepth_submit" : {
        "0" : 0.000000,
        "4" : 100.000000,
        "8" : 0.000000,
        "16" : 0.000000,
        "32" : 0.000000,
        "64" : 0.000000,
        ">=64" : 0.000000
      },
      "iodepth_complete" : {
        "0" : 0.000000,
        "4" : 100.000000,
        "8" : 0.000000,
        "16" : 0.000000,
        "32" : 0.000000,
        "64" : 0.000000,
        ">=64" : 0.000000
      },
      "latency_ns" : {
        "2" : 0.000000,
        "4" : 0.000000,
        "10" : 0.000000,
        "20" : 0.000000,
        "50" : 0.000000,
        "100" : 0.000000,
        "250" : 0.000000,
        "500" : 0.000000,
        "750" : 0.000000,
        "1000" : 0.000000
      },
      "latency_us" : {
        "2" : 0.000000,
        "4" : 0.000000,
        "10" : 0.000000,
        "20" : 0.000000,
        "50" : 0.000000,
        "100" : 70.980392,
        "250" : 28.431373,
        "500" : 0.392157,
        "750" : 0.196078,
        "1000" : 0.000000
      },
      "latency_ms" : {
        "2" : 0.000000,
        "4" : 0.000000,
        "10" : 0.000000,
        "20" : 0.000000,
        "50" : 0.000000,
        "100" : 0.000000,
        "250" : 0.000000,
        "500" : 0.000000,
        "750" : 0.000000,
        "1000" : 0.000000,
        "2000" : 0.000000,
        ">=2000" : 0.000000
      },
      "latency_depth" : 1,
      "latency_target" : 0,
      "latency_percentile" : 100.000000,
      "latency_window" : 0
    }
  ],
  "disk_util" : [
    {
      "name" : "loop2",
      "read_ios" : 0,
      "write_ios" : 952,
      "read_sectors" : 0,
      "write_sectors" : 4458,
      "read_merges" : 0,
      "write_merges" : 323,
      "read_ticks" : 0,
      "write_ticks" : 131,
      "in_queue" : 162,
      "util" : 33.408578
    }
  ]
}
