{
  "fio version" : "fio-3.36-117-gb2403",
  "timestamp" : 1777457018,
  "timestamp_ms" : 1777457018859,
  "time" : "Wed Apr 29 10:03:38 2026",
  "jobs" : [
    {
      "jobname" : "b2-ext4-r9",
      "groupid" : 0,
      "job_start" : 1777457018268,
      "error" : 0,
      "eta" : 2147483647,
      "elapsed" : 1,
      "job options" : {
        "name" : "b2-ext4-r9",
        "filename" : "/var/volatile/beamfs-test/mnt-ext4/test.bin",
        "rw" : "write",
        "bs" : "4k",
        "direct" : "0",
        "ioengine" : "psync",
        "iodepth" : "1",
        "size" : "2088960",
        "fsync" : "1",
        "end_fsync" : "1"
      },
      "read" : {
        "io_bytes" : 0,
        "io_kbytes" : 0,
        "bw_bytes" : 0,
        "bw" : 0,
        "iops" : 0.000000,
        "runtime" : 0,
        "total_ios" : 0,
        "short_ios" : 0,
        "drop_ios" : 0,
        "slat_ns" : {
          "min" : 0,
          "max" : 0,
          "mean" : 0.000000,
          "stddev" : 0.000000,
          "N" : 0
        },
        "clat_ns" : {
          "min" : 0,
          "max" : 0,
          "mean" : 0.000000,
          "stddev" : 0.000000,
          "N" : 0
        },
        "lat_ns" : {
          "min" : 0,
          "max" : 0,
          "mean" : 0.000000,
          "stddev" : 0.000000,
          "N" : 0
        },
        "bw_min" : 0,
        "bw_max" : 0,
        "bw_agg" : 0.000000,
        "bw_mean" : 0.000000,
        "bw_dev" : 0.000000,
        "bw_samples" : 0,
        "iops_min" : 0,
        "iops_max" : 0,
        "iops_mean" : 0.000000,
        "iops_stddev" : 0.000000,
        "iops_samples" : 0
      },
      "write" : {
        "io_bytes" : 2088960,
        "io_kbytes" : 2040,
        "bw_bytes" : 4324968,
        "bw" : 4223,
        "iops" : 1055.900621,
        "runtime" : 483,
        "total_ios" : 510,
        "short_ios" : 0,
        "drop_ios" : 0,
        "slat_ns" : {
          "min" : 0,
          "max" : 0,
          "mean" : 0.000000,
          "stddev" : 0.000000,
          "N" : 0
        },
        "clat_ns" : {
          "min" : 70226,
          "max" : 671269,
          "mean" : 90494.174510,
          "stddev" : 40634.142034,
          "N" : 510,
          "percentile" : {
            "1.000000" : 71168,
            "5.000000" : 72192,
            "10.000000" : 72192,
            "20.000000" : 73216,
            "30.000000" : 74240,
            "40.000000" : 75264,
            "50.000000" : 76288,
            "60.000000" : 78336,
            "70.000000" : 85504,
            "80.000000" : 112128,
            "90.000000" : 117248,
            "95.000000" : 125440,
            "99.000000" : 209920,
            "99.500000" : 252928,
            "99.900000" : 667648,
            "99.950000" : 667648,
            "99.990000" : 667648
          }
        },
        "lat_ns" : {
          "min" : 72082,
          "max" : 1081970,
          "mean" : 93862.780392,
          "stddev" : 55178.850373,
          "N" : 510
        },
        "bw_min" : 0,
        "bw_max" : 0,
        "bw_agg" : 0.000000,
        "bw_mean" : 0.000000,
        "bw_dev" : 0.000000,
        "bw_samples" : 0,
        "iops_min" : 0,
        "iops_max" : 0,
        "iops_mean" : 0.000000,
        "iops_stddev" : 0.000000,
        "iops_samples" : 0
      },
      "trim" : {
        "io_bytes" : 0,
        "io_kbytes" : 0,
        "bw_bytes" : 0,
        "bw" : 0,
        "iops" : 0.000000,
        "runtime" : 0,
        "total_ios" : 0,
        "short_ios" : 0,
        "drop_ios" : 0,
        "slat_ns" : {
          "min" : 0,
          "max" : 0,
          "mean" : 0.000000,
          "stddev" : 0.000000,
          "N" : 0
        },
        "clat_ns" : {
          "min" : 0,
          "max" : 0,
          "mean" : 0.000000,
          "stddev" : 0.000000,
          "N" : 0
        },
        "lat_ns" : {
          "min" : 0,
          "max" : 0,
          "mean" : 0.000000,
          "stddev" : 0.000000,
          "N" : 0
        },
        "bw_min" : 0,
        "bw_max" : 0,
        "bw_agg" : 0.000000,
        "bw_mean" : 0.000000,
        "bw_dev" : 0.000000,
        "bw_samples" : 0,
        "iops_min" : 0,
        "iops_max" : 0,
        "iops_mean" : 0.000000,
        "iops_stddev" : 0.000000,
        "iops_samples" : 0
      },
      "sync" : {
        "total_ios" : 509,
        "lat_ns" : {
          "min" : 663413,
          "max" : 1725064,
          "mean" : 824716.438114,
          "stddev" : 132019.826315,
          "N" : 509,
          "percentile" : {
            "1.000000" : 675840,
            "5.000000" : 700416,
            "10.000000" : 708608,
            "20.000000" : 733184,
            "30.000000" : 749568,
            "40.000000" : 765952,
            "50.000000" : 782336,
            "60.000000" : 806912,
            "70.000000" : 839680,
            "80.000000" : 888832,
            "90.000000" : 987136,
            "95.000000" : 1105920,
            "99.000000" : 1253376,
            "99.500000" : 1449984,
            "99.900000" : 1728512,
            "99.950000" : 1728512,
            "99.990000" : 1728512
          }
        }
      },
      "job_runtime" : 483,
      "usr_cpu" : 11.594203,
      "sys_cpu" : 21.532091,
      "ctx" : 1055,
      "majf" : 0,
      "minf" : 10,
      "iodepth_level" : {
        "1" : 199.803922,
        "2" : 0.000000,
        "4" : 0.000000,
        "8" : 0.000000,
        "16" : 0.000000,
        "32" : 0.000000,
        ">=64" : 0.000000
      },
      "iodepth_submit" : {
        "0" : 0.000000,
        "4" : 100.000000,
        "8" : 0.000000,
        "16" : 0.000000,
        "32" : 0.000000,
        "64" : 0.000000,
        ">=64" : 0.000000
      },
      "iodepth_complete" : {
        "0" : 0.000000,
        "4" : 100.000000,
        "8" : 0.000000,
        "16" : 0.000000,
        "32" : 0.000000,
        "64" : 0.000000,
        ">=64" : 0.000000
      },
      "latency_ns" : {
        "2" : 0.000000,
        "4" : 0.000000,
        "10" : 0.000000,
        "20" : 0.000000,
        "50" : 0.000000,
        "100" : 0.000000,
        "250" : 0.000000,
        "500" : 0.000000,
        "750" : 0.000000,
        "1000" : 0.000000
      },
      "latency_us" : {
        "2" : 0.000000,
        "4" : 0.000000,
        "10" : 0.000000,
        "20" : 0.000000,
        "50" : 0.000000,
        "100" : 73.725490,
        "250" : 25.490196,
        "500" : 0.392157,
        "750" : 0.392157,
        "1000" : 0.000000
      },
      "latency_ms" : {
        "2" : 0.000000,
        "4" : 0.000000,
        "10" : 0.000000,
        "20" : 0.000000,
        "50" : 0.000000,
        "100" : 0.000000,
        "250" : 0.000000,
        "500" : 0.000000,
        "750" : 0.000000,
        "1000" : 0.000000,
        "2000" : 0.000000,
        ">=2000" : 0.000000
      },
      "latency_depth" : 1,
      "latency_target" : 0,
      "latency_percentile" : 100.000000,
      "latency_window" : 0
    }
  ],
  "disk_util" : [
    {
      "name" : "loop2",
      "read_ios" : 0,
      "write_ios" : 1024,
      "read_sectors" : 0,
      "write_sectors" : 4794,
      "read_merges" : 0,
      "write_merges" : 347,
      "read_ticks" : 0,
      "write_ticks" : 128,
      "in_queue" : 163,
      "util" : 26.966292
    }
  ]
}
