{
  "fio version" : "fio-3.36-117-gb2403",
  "timestamp" : 1777457017,
  "timestamp_ms" : 1777457017331,
  "time" : "Wed Apr 29 10:03:37 2026",
  "jobs" : [
    {
      "jobname" : "b2-ext4-r8",
      "groupid" : 0,
      "job_start" : 1777457016810,
      "error" : 0,
      "eta" : 2147483647,
      "elapsed" : 1,
      "job options" : {
        "name" : "b2-ext4-r8",
        "filename" : "/var/volatile/beamfs-test/mnt-ext4/test.bin",
        "rw" : "write",
        "bs" : "4k",
        "direct" : "0",
        "ioengine" : "psync",
        "iodepth" : "1",
        "size" : "2088960",
        "fsync" : "1",
        "end_fsync" : "1"
      },
      "read" : {
        "io_bytes" : 0,
        "io_kbytes" : 0,
        "bw_bytes" : 0,
        "bw" : 0,
        "iops" : 0.000000,
        "runtime" : 0,
        "total_ios" : 0,
        "short_ios" : 0,
        "drop_ios" : 0,
        "slat_ns" : {
          "min" : 0,
          "max" : 0,
          "mean" : 0.000000,
          "stddev" : 0.000000,
          "N" : 0
        },
        "clat_ns" : {
          "min" : 0,
          "max" : 0,
          "mean" : 0.000000,
          "stddev" : 0.000000,
          "N" : 0
        },
        "lat_ns" : {
          "min" : 0,
          "max" : 0,
          "mean" : 0.000000,
          "stddev" : 0.000000,
          "N" : 0
        },
        "bw_min" : 0,
        "bw_max" : 0,
        "bw_agg" : 0.000000,
        "bw_mean" : 0.000000,
        "bw_dev" : 0.000000,
        "bw_samples" : 0,
        "iops_min" : 0,
        "iops_max" : 0,
        "iops_mean" : 0.000000,
        "iops_stddev" : 0.000000,
        "iops_samples" : 0
      },
      "write" : {
        "io_bytes" : 2088960,
        "io_kbytes" : 2040,
        "bw_bytes" : 4813271,
        "bw" : 4700,
        "iops" : 1175.115207,
        "runtime" : 434,
        "total_ios" : 510,
        "short_ios" : 0,
        "drop_ios" : 0,
        "slat_ns" : {
          "min" : 0,
          "max" : 0,
          "mean" : 0.000000,
          "stddev" : 0.000000,
          "N" : 0
        },
        "clat_ns" : {
          "min" : 69474,
          "max" : 875052,
          "mean" : 95196.168627,
          "stddev" : 61362.265972,
          "N" : 510,
          "percentile" : {
            "1.000000" : 70144,
            "5.000000" : 71168,
            "10.000000" : 71168,
            "20.000000" : 72192,
            "30.000000" : 74240,
            "40.000000" : 74240,
            "50.000000" : 75264,
            "60.000000" : 77312,
            "70.000000" : 84480,
            "80.000000" : 111104,
            "90.000000" : 117248,
            "95.000000" : 164864,
            "99.000000" : 403456,
            "99.500000" : 501760,
            "99.900000" : 872448,
            "99.950000" : 872448,
            "99.990000" : 872448
          }
        },
        "lat_ns" : {
          "min" : 71378,
          "max" : 1172870,
          "mean" : 98014.262745,
          "stddev" : 69629.086225,
          "N" : 510
        },
        "bw_min" : 0,
        "bw_max" : 0,
        "bw_agg" : 0.000000,
        "bw_mean" : 0.000000,
        "bw_dev" : 0.000000,
        "bw_samples" : 0,
        "iops_min" : 0,
        "iops_max" : 0,
        "iops_mean" : 0.000000,
        "iops_stddev" : 0.000000,
        "iops_samples" : 0
      },
      "trim" : {
        "io_bytes" : 0,
        "io_kbytes" : 0,
        "bw_bytes" : 0,
        "bw" : 0,
        "iops" : 0.000000,
        "runtime" : 0,
        "total_ios" : 0,
        "short_ios" : 0,
        "drop_ios" : 0,
        "slat_ns" : {
          "min" : 0,
          "max" : 0,
          "mean" : 0.000000,
          "stddev" : 0.000000,
          "N" : 0
        },
        "clat_ns" : {
          "min" : 0,
          "max" : 0,
          "mean" : 0.000000,
          "stddev" : 0.000000,
          "N" : 0
        },
        "lat_ns" : {
          "min" : 0,
          "max" : 0,
          "mean" : 0.000000,
          "stddev" : 0.000000,
          "N" : 0
        },
        "bw_min" : 0,
        "bw_max" : 0,
        "bw_agg" : 0.000000,
        "bw_mean" : 0.000000,
        "bw_dev" : 0.000000,
        "bw_samples" : 0,
        "iops_min" : 0,
        "iops_max" : 0,
        "iops_mean" : 0.000000,
        "iops_stddev" : 0.000000,
        "iops_samples" : 0
      },
      "sync" : {
        "total_ios" : 509,
        "lat_ns" : {
          "min" : 590163,
          "max" : 1508673,
          "mean" : 722019.691552,
          "stddev" : 78928.309365,
          "N" : 509,
          "percentile" : {
            "1.000000" : 618496,
            "5.000000" : 651264,
            "10.000000" : 659456,
            "20.000000" : 675840,
            "30.000000" : 684032,
            "40.000000" : 692224,
            "50.000000" : 700416,
            "60.000000" : 716800,
            "70.000000" : 724992,
            "80.000000" : 757760,
            "90.000000" : 806912,
            "95.000000" : 847872,
            "99.000000" : 970752,
            "99.500000" : 1220608,
            "99.900000" : 1515520,
            "99.950000" : 1515520,
            "99.990000" : 1515520
          }
        }
      },
      "job_runtime" : 433,
      "usr_cpu" : 10.392610,
      "sys_cpu" : 26.327945,
      "ctx" : 1034,
      "majf" : 0,
      "minf" : 10,
      "iodepth_level" : {
        "1" : 199.803922,
        "2" : 0.000000,
        "4" : 0.000000,
        "8" : 0.000000,
        "16" : 0.000000,
        "32" : 0.000000,
        ">=64" : 0.000000
      },
      "iodepth_submit" : {
        "0" : 0.000000,
        "4" : 100.000000,
        "8" : 0.000000,
        "16" : 0.000000,
        "32" : 0.000000,
        "64" : 0.000000,
        ">=64" : 0.000000
      },
      "iodepth_complete" : {
        "0" : 0.000000,
        "4" : 100.000000,
        "8" : 0.000000,
        "16" : 0.000000,
        "32" : 0.000000,
        "64" : 0.000000,
        ">=64" : 0.000000
      },
      "latency_ns" : {
        "2" : 0.000000,
        "4" : 0.000000,
        "10" : 0.000000,
        "20" : 0.000000,
        "50" : 0.000000,
        "100" : 0.000000,
        "250" : 0.000000,
        "500" : 0.000000,
        "750" : 0.000000,
        "1000" : 0.000000
      },
      "latency_us" : {
        "2" : 0.000000,
        "4" : 0.000000,
        "10" : 0.000000,
        "20" : 0.000000,
        "50" : 0.000000,
        "100" : 73.137255,
        "250" : 24.509804,
        "500" : 1.764706,
        "750" : 0.392157,
        "1000" : 0.196078
      },
      "latency_ms" : {
        "2" : 0.000000,
        "4" : 0.000000,
        "10" : 0.000000,
        "20" : 0.000000,
        "50" : 0.000000,
        "100" : 0.000000,
        "250" : 0.000000,
        "500" : 0.000000,
        "750" : 0.000000,
        "1000" : 0.000000,
        "2000" : 0.000000,
        ">=2000" : 0.000000
      },
      "latency_depth" : 1,
      "latency_target" : 0,
      "latency_percentile" : 100.000000,
      "latency_window" : 0
    }
  ],
  "disk_util" : [
    {
      "name" : "loop2",
      "read_ios" : 0,
      "write_ios" : 1115,
      "read_sectors" : 0,
      "write_sectors" : 5220,
      "read_merges" : 0,
      "write_merges" : 378,
      "read_ticks" : 0,
      "write_ticks" : 118,
      "in_queue" : 149,
      "util" : 28.893905
    }
  ]
}
