{
  "fio version" : "fio-3.36-117-gb2403",
  "timestamp" : 1777457000,
  "timestamp_ms" : 1777457000134,
  "time" : "Wed Apr 29 10:03:20 2026",
  "jobs" : [
    {
      "jobname" : "b2-inode-r7",
      "groupid" : 0,
      "job_start" : 1777456999497,
      "error" : 0,
      "eta" : 2147483647,
      "elapsed" : 1,
      "job options" : {
        "name" : "b2-inode-r7",
        "filename" : "/var/volatile/beamfs-test/mnt-inode/test.bin",
        "rw" : "write",
        "bs" : "4k",
        "direct" : "0",
        "ioengine" : "psync",
        "iodepth" : "1",
        "size" : "2088960",
        "fsync" : "1",
        "end_fsync" : "1"
      },
      "read" : {
        "io_bytes" : 0,
        "io_kbytes" : 0,
        "bw_bytes" : 0,
        "bw" : 0,
        "iops" : 0.000000,
        "runtime" : 0,
        "total_ios" : 0,
        "short_ios" : 0,
        "drop_ios" : 0,
        "slat_ns" : {
          "min" : 0,
          "max" : 0,
          "mean" : 0.000000,
          "stddev" : 0.000000,
          "N" : 0
        },
        "clat_ns" : {
          "min" : 0,
          "max" : 0,
          "mean" : 0.000000,
          "stddev" : 0.000000,
          "N" : 0
        },
        "lat_ns" : {
          "min" : 0,
          "max" : 0,
          "mean" : 0.000000,
          "stddev" : 0.000000,
          "N" : 0
        },
        "bw_min" : 0,
        "bw_max" : 0,
        "bw_agg" : 0.000000,
        "bw_mean" : 0.000000,
        "bw_dev" : 0.000000,
        "bw_samples" : 0,
        "iops_min" : 0,
        "iops_max" : 0,
        "iops_mean" : 0.000000,
        "iops_stddev" : 0.000000,
        "iops_samples" : 0
      },
      "write" : {
        "io_bytes" : 2088960,
        "io_kbytes" : 2040,
        "bw_bytes" : 4245853,
        "bw" : 4146,
        "iops" : 1036.585366,
        "runtime" : 492,
        "total_ios" : 510,
        "short_ios" : 0,
        "drop_ios" : 0,
        "slat_ns" : {
          "min" : 0,
          "max" : 0,
          "mean" : 0.000000,
          "stddev" : 0.000000,
          "N" : 0
        },
        "clat_ns" : {
          "min" : 577186,
          "max" : 1679158,
          "mean" : 630288.815686,
          "stddev" : 85040.267670,
          "N" : 510,
          "percentile" : {
            "1.000000" : 577536,
            "5.000000" : 585728,
            "10.000000" : 593920,
            "20.000000" : 593920,
            "30.000000" : 602112,
            "40.000000" : 602112,
            "50.000000" : 610304,
            "60.000000" : 610304,
            "70.000000" : 618496,
            "80.000000" : 643072,
            "90.000000" : 700416,
            "95.000000" : 724992,
            "99.000000" : 1073152,
            "99.500000" : 1269760,
            "99.900000" : 1679360,
            "99.950000" : 1679360,
            "99.990000" : 1679360
          }
        },
        "lat_ns" : {
          "min" : 579362,
          "max" : 2076963,
          "mean" : 633311.784314,
          "stddev" : 95866.499130,
          "N" : 510
        },
        "bw_min" : 4071,
        "bw_max" : 4071,
        "bw_agg" : 98.182956,
        "bw_mean" : 4071.000000,
        "bw_dev" : 0.000000,
        "bw_samples" : 1,
        "iops_min" : 1017,
        "iops_max" : 1017,
        "iops_mean" : 1017.000000,
        "iops_stddev" : 0.000000,
        "iops_samples" : 1
      },
      "trim" : {
        "io_bytes" : 0,
        "io_kbytes" : 0,
        "bw_bytes" : 0,
        "bw" : 0,
        "iops" : 0.000000,
        "runtime" : 0,
        "total_ios" : 0,
        "short_ios" : 0,
        "drop_ios" : 0,
        "slat_ns" : {
          "min" : 0,
          "max" : 0,
          "mean" : 0.000000,
          "stddev" : 0.000000,
          "N" : 0
        },
        "clat_ns" : {
          "min" : 0,
          "max" : 0,
          "mean" : 0.000000,
          "stddev" : 0.000000,
          "N" : 0
        },
        "lat_ns" : {
          "min" : 0,
          "max" : 0,
          "mean" : 0.000000,
          "stddev" : 0.000000,
          "N" : 0
        },
        "bw_min" : 0,
        "bw_max" : 0,
        "bw_agg" : 0.000000,
        "bw_mean" : 0.000000,
        "bw_dev" : 0.000000,
        "bw_samples" : 0,
        "iops_min" : 0,
        "iops_max" : 0,
        "iops_mean" : 0.000000,
        "iops_stddev" : 0.000000,
        "iops_samples" : 0
      },
      "sync" : {
        "total_ios" : 509,
        "lat_ns" : {
          "min" : 253144,
          "max" : 644709,
          "mean" : 299408.548134,
          "stddev" : 47064.114763,
          "N" : 509,
          "percentile" : {
            "1.000000" : 259072,
            "5.000000" : 264192,
            "10.000000" : 268288,
            "20.000000" : 272384,
            "30.000000" : 276480,
            "40.000000" : 280576,
            "50.000000" : 284672,
            "60.000000" : 292864,
            "70.000000" : 301056,
            "80.000000" : 313344,
            "90.000000" : 346112,
            "95.000000" : 395264,
            "99.000000" : 536576,
            "99.500000" : 569344,
            "99.900000" : 643072,
            "99.950000" : 643072,
            "99.990000" : 643072
          }
        }
      },
      "job_runtime" : 492,
      "usr_cpu" : 5.284553,
      "sys_cpu" : 76.219512,
      "ctx" : 1057,
      "majf" : 0,
      "minf" : 10,
      "iodepth_level" : {
        "1" : 199.803922,
        "2" : 0.000000,
        "4" : 0.000000,
        "8" : 0.000000,
        "16" : 0.000000,
        "32" : 0.000000,
        ">=64" : 0.000000
      },
      "iodepth_submit" : {
        "0" : 0.000000,
        "4" : 100.000000,
        "8" : 0.000000,
        "16" : 0.000000,
        "32" : 0.000000,
        "64" : 0.000000,
        ">=64" : 0.000000
      },
      "iodepth_complete" : {
        "0" : 0.000000,
        "4" : 100.000000,
        "8" : 0.000000,
        "16" : 0.000000,
        "32" : 0.000000,
        "64" : 0.000000,
        ">=64" : 0.000000
      },
      "latency_ns" : {
        "2" : 0.000000,
        "4" : 0.000000,
        "10" : 0.000000,
        "20" : 0.000000,
        "50" : 0.000000,
        "100" : 0.000000,
        "250" : 0.000000,
        "500" : 0.000000,
        "750" : 0.000000,
        "1000" : 0.000000
      },
      "latency_us" : {
        "2" : 0.000000,
        "4" : 0.000000,
        "10" : 0.000000,
        "20" : 0.000000,
        "50" : 0.000000,
        "100" : 0.000000,
        "250" : 0.000000,
        "500" : 0.000000,
        "750" : 97.058824,
        "1000" : 1.764706
      },
      "latency_ms" : {
        "2" : 1.176471,
        "4" : 0.000000,
        "10" : 0.000000,
        "20" : 0.000000,
        "50" : 0.000000,
        "100" : 0.000000,
        "250" : 0.000000,
        "500" : 0.000000,
        "750" : 0.000000,
        "1000" : 0.000000,
        "2000" : 0.000000,
        ">=2000" : 0.000000
      },
      "latency_depth" : 1,
      "latency_target" : 0,
      "latency_percentile" : 100.000000,
      "latency_window" : 0
    }
  ],
  "disk_util" : [
    {
      "name" : "loop1",
      "read_ios" : 0,
      "write_ios" : 754,
      "read_sectors" : 0,
      "write_sectors" : 3016,
      "read_merges" : 0,
      "write_merges" : 0,
      "read_ticks" : 0,
      "write_ticks" : 62,
      "in_queue" : 84,
      "util" : 8.888889
    }
  ]
}
