{
  "fio version" : "fio-3.36-117-gb2403",
  "timestamp" : 1777457001,
  "timestamp_ms" : 1777457001956,
  "time" : "Wed Apr 29 10:03:21 2026",
  "jobs" : [
    {
      "jobname" : "b2-inode-r8",
      "groupid" : 0,
      "job_start" : 1777457001312,
      "error" : 0,
      "eta" : 2147483647,
      "elapsed" : 1,
      "job options" : {
        "name" : "b2-inode-r8",
        "filename" : "/var/volatile/beamfs-test/mnt-inode/test.bin",
        "rw" : "write",
        "bs" : "4k",
        "direct" : "0",
        "ioengine" : "psync",
        "iodepth" : "1",
        "size" : "2088960",
        "fsync" : "1",
        "end_fsync" : "1"
      },
      "read" : {
        "io_bytes" : 0,
        "io_kbytes" : 0,
        "bw_bytes" : 0,
        "bw" : 0,
        "iops" : 0.000000,
        "runtime" : 0,
        "total_ios" : 0,
        "short_ios" : 0,
        "drop_ios" : 0,
        "slat_ns" : {
          "min" : 0,
          "max" : 0,
          "mean" : 0.000000,
          "stddev" : 0.000000,
          "N" : 0
        },
        "clat_ns" : {
          "min" : 0,
          "max" : 0,
          "mean" : 0.000000,
          "stddev" : 0.000000,
          "N" : 0
        },
        "lat_ns" : {
          "min" : 0,
          "max" : 0,
          "mean" : 0.000000,
          "stddev" : 0.000000,
          "N" : 0
        },
        "bw_min" : 0,
        "bw_max" : 0,
        "bw_agg" : 0.000000,
        "bw_mean" : 0.000000,
        "bw_dev" : 0.000000,
        "bw_samples" : 0,
        "iops_min" : 0,
        "iops_max" : 0,
        "iops_mean" : 0.000000,
        "iops_stddev" : 0.000000,
        "iops_samples" : 0
      },
      "write" : {
        "io_bytes" : 2088960,
        "io_kbytes" : 2040,
        "bw_bytes" : 4112125,
        "bw" : 4015,
        "iops" : 1003.937008,
        "runtime" : 508,
        "total_ios" : 510,
        "short_ios" : 0,
        "drop_ios" : 0,
        "slat_ns" : {
          "min" : 0,
          "max" : 0,
          "mean" : 0.000000,
          "stddev" : 0.000000,
          "N" : 0
        },
        "clat_ns" : {
          "min" : 583475,
          "max" : 1744040,
          "mean" : 655636.911765,
          "stddev" : 121813.076431,
          "N" : 510,
          "percentile" : {
            "1.000000" : 585728,
            "5.000000" : 593920,
            "10.000000" : 602112,
            "20.000000" : 602112,
            "30.000000" : 610304,
            "40.000000" : 610304,
            "50.000000" : 610304,
            "60.000000" : 618496,
            "70.000000" : 626688,
            "80.000000" : 708608,
            "90.000000" : 733184,
            "95.000000" : 823296,
            "99.000000" : 1171456,
            "99.500000" : 1613824,
            "99.900000" : 1744896,
            "99.950000" : 1744896,
            "99.990000" : 1744896
          }
        },
        "lat_ns" : {
          "min" : 585379,
          "max" : 2134277,
          "mean" : 658963.907843,
          "stddev" : 129914.772911,
          "N" : 510
        },
        "bw_min" : 4024,
        "bw_max" : 4024,
        "bw_agg" : 100.000000,
        "bw_mean" : 4024.000000,
        "bw_dev" : 0.000000,
        "bw_samples" : 1,
        "iops_min" : 1006,
        "iops_max" : 1006,
        "iops_mean" : 1006.000000,
        "iops_stddev" : 0.000000,
        "iops_samples" : 1
      },
      "trim" : {
        "io_bytes" : 0,
        "io_kbytes" : 0,
        "bw_bytes" : 0,
        "bw" : 0,
        "iops" : 0.000000,
        "runtime" : 0,
        "total_ios" : 0,
        "short_ios" : 0,
        "drop_ios" : 0,
        "slat_ns" : {
          "min" : 0,
          "max" : 0,
          "mean" : 0.000000,
          "stddev" : 0.000000,
          "N" : 0
        },
        "clat_ns" : {
          "min" : 0,
          "max" : 0,
          "mean" : 0.000000,
          "stddev" : 0.000000,
          "N" : 0
        },
        "lat_ns" : {
          "min" : 0,
          "max" : 0,
          "mean" : 0.000000,
          "stddev" : 0.000000,
          "N" : 0
        },
        "bw_min" : 0,
        "bw_max" : 0,
        "bw_agg" : 0.000000,
        "bw_mean" : 0.000000,
        "bw_dev" : 0.000000,
        "bw_samples" : 0,
        "iops_min" : 0,
        "iops_max" : 0,
        "iops_mean" : 0.000000,
        "iops_stddev" : 0.000000,
        "iops_samples" : 0
      },
      "sync" : {
        "total_ios" : 509,
        "lat_ns" : {
          "min" : 264569,
          "max" : 756264,
          "mean" : 306010.406680,
          "stddev" : 43360.945048,
          "N" : 509,
          "percentile" : {
            "1.000000" : 268288,
            "5.000000" : 272384,
            "10.000000" : 276480,
            "20.000000" : 280576,
            "30.000000" : 284672,
            "40.000000" : 288768,
            "50.000000" : 292864,
            "60.000000" : 301056,
            "70.000000" : 305152,
            "80.000000" : 313344,
            "90.000000" : 342016,
            "95.000000" : 399360,
            "99.000000" : 460800,
            "99.500000" : 505856,
            "99.900000" : 757760,
            "99.950000" : 757760,
            "99.990000" : 757760
          }
        }
      },
      "job_runtime" : 508,
      "usr_cpu" : 8.267717,
      "sys_cpu" : 73.425197,
      "ctx" : 1062,
      "majf" : 0,
      "minf" : 10,
      "iodepth_level" : {
        "1" : 199.803922,
        "2" : 0.000000,
        "4" : 0.000000,
        "8" : 0.000000,
        "16" : 0.000000,
        "32" : 0.000000,
        ">=64" : 0.000000
      },
      "iodepth_submit" : {
        "0" : 0.000000,
        "4" : 100.000000,
        "8" : 0.000000,
        "16" : 0.000000,
        "32" : 0.000000,
        "64" : 0.000000,
        ">=64" : 0.000000
      },
      "iodepth_complete" : {
        "0" : 0.000000,
        "4" : 100.000000,
        "8" : 0.000000,
        "16" : 0.000000,
        "32" : 0.000000,
        "64" : 0.000000,
        ">=64" : 0.000000
      },
      "latency_ns" : {
        "2" : 0.000000,
        "4" : 0.000000,
        "10" : 0.000000,
        "20" : 0.000000,
        "50" : 0.000000,
        "100" : 0.000000,
        "250" : 0.000000,
        "500" : 0.000000,
        "750" : 0.000000,
        "1000" : 0.000000
      },
      "latency_us" : {
        "2" : 0.000000,
        "4" : 0.000000,
        "10" : 0.000000,
        "20" : 0.000000,
        "50" : 0.000000,
        "100" : 0.000000,
        "250" : 0.000000,
        "500" : 0.000000,
        "750" : 91.960784,
        "1000" : 5.686275
      },
      "latency_ms" : {
        "2" : 2.352941,
        "4" : 0.000000,
        "10" : 0.000000,
        "20" : 0.000000,
        "50" : 0.000000,
        "100" : 0.000000,
        "250" : 0.000000,
        "500" : 0.000000,
        "750" : 0.000000,
        "1000" : 0.000000,
        "2000" : 0.000000,
        ">=2000" : 0.000000
      },
      "latency_depth" : 1,
      "latency_target" : 0,
      "latency_percentile" : 100.000000,
      "latency_window" : 0
    }
  ],
  "disk_util" : [
    {
      "name" : "loop1",
      "read_ios" : 0,
      "write_ios" : 760,
      "read_sectors" : 0,
      "write_sectors" : 3040,
      "read_merges" : 0,
      "write_merges" : 0,
      "read_ticks" : 0,
      "write_ticks" : 64,
      "in_queue" : 87,
      "util" : 8.888889
    }
  ]
}
