{
  "fio version" : "fio-3.36-117-gb2403",
  "timestamp" : 1777456991,
  "timestamp_ms" : 1777456991534,
  "time" : "Wed Apr 29 10:03:11 2026",
  "jobs" : [
    {
      "jobname" : "b2-inode-r2",
      "groupid" : 0,
      "job_start" : 1777456990889,
      "error" : 0,
      "eta" : 2147483647,
      "elapsed" : 1,
      "job options" : {
        "name" : "b2-inode-r2",
        "filename" : "/var/volatile/beamfs-test/mnt-inode/test.bin",
        "rw" : "write",
        "bs" : "4k",
        "direct" : "0",
        "ioengine" : "psync",
        "iodepth" : "1",
        "size" : "2088960",
        "fsync" : "1",
        "end_fsync" : "1"
      },
      "read" : {
        "io_bytes" : 0,
        "io_kbytes" : 0,
        "bw_bytes" : 0,
        "bw" : 0,
        "iops" : 0.000000,
        "runtime" : 0,
        "total_ios" : 0,
        "short_ios" : 0,
        "drop_ios" : 0,
        "slat_ns" : {
          "min" : 0,
          "max" : 0,
          "mean" : 0.000000,
          "stddev" : 0.000000,
          "N" : 0
        },
        "clat_ns" : {
          "min" : 0,
          "max" : 0,
          "mean" : 0.000000,
          "stddev" : 0.000000,
          "N" : 0
        },
        "lat_ns" : {
          "min" : 0,
          "max" : 0,
          "mean" : 0.000000,
          "stddev" : 0.000000,
          "N" : 0
        },
        "bw_min" : 0,
        "bw_max" : 0,
        "bw_agg" : 0.000000,
        "bw_mean" : 0.000000,
        "bw_dev" : 0.000000,
        "bw_samples" : 0,
        "iops_min" : 0,
        "iops_max" : 0,
        "iops_mean" : 0.000000,
        "iops_stddev" : 0.000000,
        "iops_samples" : 0
      },
      "write" : {
        "io_bytes" : 2088960,
        "io_kbytes" : 2040,
        "bw_bytes" : 4237241,
        "bw" : 4137,
        "iops" : 1034.482759,
        "runtime" : 493,
        "total_ios" : 510,
        "short_ios" : 0,
        "drop_ios" : 0,
        "slat_ns" : {
          "min" : 0,
          "max" : 0,
          "mean" : 0.000000,
          "stddev" : 0.000000,
          "N" : 0
        },
        "clat_ns" : {
          "min" : 574034,
          "max" : 1632468,
          "mean" : 640429.445098,
          "stddev" : 112511.599999,
          "N" : 510,
          "percentile" : {
            "1.000000" : 577536,
            "5.000000" : 585728,
            "10.000000" : 593920,
            "20.000000" : 593920,
            "30.000000" : 602112,
            "40.000000" : 602112,
            "50.000000" : 602112,
            "60.000000" : 610304,
            "70.000000" : 618496,
            "80.000000" : 667648,
            "90.000000" : 708608,
            "95.000000" : 782336,
            "99.000000" : 1236992,
            "99.500000" : 1400832,
            "99.900000" : 1630208,
            "99.950000" : 1630208,
            "99.990000" : 1630208
          }
        },
        "lat_ns" : {
          "min" : 576098,
          "max" : 2022193,
          "mean" : 643396.350980,
          "stddev" : 120293.219753,
          "N" : 510
        },
        "bw_min" : 4071,
        "bw_max" : 4071,
        "bw_agg" : 98.382509,
        "bw_mean" : 4071.000000,
        "bw_dev" : 0.000000,
        "bw_samples" : 1,
        "iops_min" : 1017,
        "iops_max" : 1017,
        "iops_mean" : 1017.000000,
        "iops_stddev" : 0.000000,
        "iops_samples" : 1
      },
      "trim" : {
        "io_bytes" : 0,
        "io_kbytes" : 0,
        "bw_bytes" : 0,
        "bw" : 0,
        "iops" : 0.000000,
        "runtime" : 0,
        "total_ios" : 0,
        "short_ios" : 0,
        "drop_ios" : 0,
        "slat_ns" : {
          "min" : 0,
          "max" : 0,
          "mean" : 0.000000,
          "stddev" : 0.000000,
          "N" : 0
        },
        "clat_ns" : {
          "min" : 0,
          "max" : 0,
          "mean" : 0.000000,
          "stddev" : 0.000000,
          "N" : 0
        },
        "lat_ns" : {
          "min" : 0,
          "max" : 0,
          "mean" : 0.000000,
          "stddev" : 0.000000,
          "N" : 0
        },
        "bw_min" : 0,
        "bw_max" : 0,
        "bw_agg" : 0.000000,
        "bw_mean" : 0.000000,
        "bw_dev" : 0.000000,
        "bw_samples" : 0,
        "iops_min" : 0,
        "iops_max" : 0,
        "iops_mean" : 0.000000,
        "iops_stddev" : 0.000000,
        "iops_samples" : 0
      },
      "sync" : {
        "total_ios" : 509,
        "lat_ns" : {
          "min" : 245992,
          "max" : 845867,
          "mean" : 290969.548134,
          "stddev" : 55430.337881,
          "N" : 509,
          "percentile" : {
            "1.000000" : 252928,
            "5.000000" : 257024,
            "10.000000" : 259072,
            "20.000000" : 264192,
            "30.000000" : 268288,
            "40.000000" : 272384,
            "50.000000" : 276480,
            "60.000000" : 280576,
            "70.000000" : 284672,
            "80.000000" : 296960,
            "90.000000" : 346112,
            "95.000000" : 391168,
            "99.000000" : 493568,
            "99.500000" : 692224,
            "99.900000" : 847872,
            "99.950000" : 847872,
            "99.990000" : 847872
          }
        }
      },
      "job_runtime" : 493,
      "usr_cpu" : 5.679513,
      "sys_cpu" : 76.673428,
      "ctx" : 1057,
      "majf" : 0,
      "minf" : 10,
      "iodepth_level" : {
        "1" : 199.803922,
        "2" : 0.000000,
        "4" : 0.000000,
        "8" : 0.000000,
        "16" : 0.000000,
        "32" : 0.000000,
        ">=64" : 0.000000
      },
      "iodepth_submit" : {
        "0" : 0.000000,
        "4" : 100.000000,
        "8" : 0.000000,
        "16" : 0.000000,
        "32" : 0.000000,
        "64" : 0.000000,
        ">=64" : 0.000000
      },
      "iodepth_complete" : {
        "0" : 0.000000,
        "4" : 100.000000,
        "8" : 0.000000,
        "16" : 0.000000,
        "32" : 0.000000,
        "64" : 0.000000,
        ">=64" : 0.000000
      },
      "latency_ns" : {
        "2" : 0.000000,
        "4" : 0.000000,
        "10" : 0.000000,
        "20" : 0.000000,
        "50" : 0.000000,
        "100" : 0.000000,
        "250" : 0.000000,
        "500" : 0.000000,
        "750" : 0.000000,
        "1000" : 0.000000
      },
      "latency_us" : {
        "2" : 0.000000,
        "4" : 0.000000,
        "10" : 0.000000,
        "20" : 0.000000,
        "50" : 0.000000,
        "100" : 0.000000,
        "250" : 0.000000,
        "500" : 0.000000,
        "750" : 93.921569,
        "1000" : 3.529412
      },
      "latency_ms" : {
        "2" : 2.549020,
        "4" : 0.000000,
        "10" : 0.000000,
        "20" : 0.000000,
        "50" : 0.000000,
        "100" : 0.000000,
        "250" : 0.000000,
        "500" : 0.000000,
        "750" : 0.000000,
        "1000" : 0.000000,
        "2000" : 0.000000,
        ">=2000" : 0.000000
      },
      "latency_depth" : 1,
      "latency_target" : 0,
      "latency_percentile" : 100.000000,
      "latency_window" : 0
    }
  ],
  "disk_util" : [
    {
      "name" : "loop1",
      "read_ios" : 0,
      "write_ios" : 764,
      "read_sectors" : 0,
      "write_sectors" : 3056,
      "read_merges" : 0,
      "write_merges" : 0,
      "read_ticks" : 0,
      "write_ticks" : 61,
      "in_queue" : 82,
      "util" : 14.545455
    }
  ]
}
