{
  "fio version" : "fio-3.36-117-gb2403",
  "timestamp" : 1777456989,
  "timestamp_ms" : 1777456989723,
  "time" : "Wed Apr 29 10:03:09 2026",
  "jobs" : [
    {
      "jobname" : "b2-inode-r1",
      "groupid" : 0,
      "job_start" : 1777456989061,
      "error" : 0,
      "eta" : 2147483647,
      "elapsed" : 1,
      "job options" : {
        "name" : "b2-inode-r1",
        "filename" : "/var/volatile/beamfs-test/mnt-inode/test.bin",
        "rw" : "write",
        "bs" : "4k",
        "direct" : "0",
        "ioengine" : "psync",
        "iodepth" : "1",
        "size" : "2088960",
        "fsync" : "1",
        "end_fsync" : "1"
      },
      "read" : {
        "io_bytes" : 0,
        "io_kbytes" : 0,
        "bw_bytes" : 0,
        "bw" : 0,
        "iops" : 0.000000,
        "runtime" : 0,
        "total_ios" : 0,
        "short_ios" : 0,
        "drop_ios" : 0,
        "slat_ns" : {
          "min" : 0,
          "max" : 0,
          "mean" : 0.000000,
          "stddev" : 0.000000,
          "N" : 0
        },
        "clat_ns" : {
          "min" : 0,
          "max" : 0,
          "mean" : 0.000000,
          "stddev" : 0.000000,
          "N" : 0
        },
        "lat_ns" : {
          "min" : 0,
          "max" : 0,
          "mean" : 0.000000,
          "stddev" : 0.000000,
          "N" : 0
        },
        "bw_min" : 0,
        "bw_max" : 0,
        "bw_agg" : 0.000000,
        "bw_mean" : 0.000000,
        "bw_dev" : 0.000000,
        "bw_samples" : 0,
        "iops_min" : 0,
        "iops_max" : 0,
        "iops_mean" : 0.000000,
        "iops_stddev" : 0.000000,
        "iops_samples" : 0
      },
      "write" : {
        "io_bytes" : 2088960,
        "io_kbytes" : 2040,
        "bw_bytes" : 3840000,
        "bw" : 3750,
        "iops" : 937.500000,
        "runtime" : 544,
        "total_ios" : 510,
        "short_ios" : 0,
        "drop_ios" : 0,
        "slat_ns" : {
          "min" : 0,
          "max" : 0,
          "mean" : 0.000000,
          "stddev" : 0.000000,
          "N" : 0
        },
        "clat_ns" : {
          "min" : 571353,
          "max" : 3669834,
          "mean" : 733248.578431,
          "stddev" : 270493.403079,
          "N" : 510,
          "percentile" : {
            "1.000000" : 577536,
            "5.000000" : 585728,
            "10.000000" : 585728,
            "20.000000" : 593920,
            "30.000000" : 593920,
            "40.000000" : 602112,
            "50.000000" : 610304,
            "60.000000" : 667648,
            "70.000000" : 708608,
            "80.000000" : 798720,
            "90.000000" : 1073152,
            "95.000000" : 1253376,
            "99.000000" : 1712128,
            "99.500000" : 2113536,
            "99.900000" : 3653632,
            "99.950000" : 3653632,
            "99.990000" : 3653632
          }
        },
        "lat_ns" : {
          "min" : 573337,
          "max" : 3676794,
          "mean" : 736452.829412,
          "stddev" : 271866.563082,
          "N" : 510
        },
        "bw_min" : 3752,
        "bw_max" : 3752,
        "bw_agg" : 100.000000,
        "bw_mean" : 3752.000000,
        "bw_dev" : 0.000000,
        "bw_samples" : 1,
        "iops_min" : 938,
        "iops_max" : 938,
        "iops_mean" : 938.000000,
        "iops_stddev" : 0.000000,
        "iops_samples" : 1
      },
      "trim" : {
        "io_bytes" : 0,
        "io_kbytes" : 0,
        "bw_bytes" : 0,
        "bw" : 0,
        "iops" : 0.000000,
        "runtime" : 0,
        "total_ios" : 0,
        "short_ios" : 0,
        "drop_ios" : 0,
        "slat_ns" : {
          "min" : 0,
          "max" : 0,
          "mean" : 0.000000,
          "stddev" : 0.000000,
          "N" : 0
        },
        "clat_ns" : {
          "min" : 0,
          "max" : 0,
          "mean" : 0.000000,
          "stddev" : 0.000000,
          "N" : 0
        },
        "lat_ns" : {
          "min" : 0,
          "max" : 0,
          "mean" : 0.000000,
          "stddev" : 0.000000,
          "N" : 0
        },
        "bw_min" : 0,
        "bw_max" : 0,
        "bw_agg" : 0.000000,
        "bw_mean" : 0.000000,
        "bw_dev" : 0.000000,
        "bw_samples" : 0,
        "iops_min" : 0,
        "iops_max" : 0,
        "iops_mean" : 0.000000,
        "iops_stddev" : 0.000000,
        "iops_samples" : 0
      },
      "sync" : {
        "total_ios" : 509,
        "lat_ns" : {
          "min" : 254596,
          "max" : 2134674,
          "mean" : 298595.886051,
          "stddev" : 103019.400606,
          "N" : 509,
          "percentile" : {
            "1.000000" : 261120,
            "5.000000" : 264192,
            "10.000000" : 268288,
            "20.000000" : 272384,
            "30.000000" : 276480,
            "40.000000" : 276480,
            "50.000000" : 280576,
            "60.000000" : 284672,
            "70.000000" : 288768,
            "80.000000" : 296960,
            "90.000000" : 325632,
            "95.000000" : 374784,
            "99.000000" : 561152,
            "99.500000" : 831488,
            "99.900000" : 2146304,
            "99.950000" : 2146304,
            "99.990000" : 2146304
          }
        }
      },
      "job_runtime" : 543,
      "usr_cpu" : 6.813996,
      "sys_cpu" : 76.795580,
      "ctx" : 1054,
      "majf" : 0,
      "minf" : 10,
      "iodepth_level" : {
        "1" : 199.803922,
        "2" : 0.000000,
        "4" : 0.000000,
        "8" : 0.000000,
        "16" : 0.000000,
        "32" : 0.000000,
        ">=64" : 0.000000
      },
      "iodepth_submit" : {
        "0" : 0.000000,
        "4" : 100.000000,
        "8" : 0.000000,
        "16" : 0.000000,
        "32" : 0.000000,
        "64" : 0.000000,
        ">=64" : 0.000000
      },
      "iodepth_complete" : {
        "0" : 0.000000,
        "4" : 100.000000,
        "8" : 0.000000,
        "16" : 0.000000,
        "32" : 0.000000,
        "64" : 0.000000,
        ">=64" : 0.000000
      },
      "latency_ns" : {
        "2" : 0.000000,
        "4" : 0.000000,
        "10" : 0.000000,
        "20" : 0.000000,
        "50" : 0.000000,
        "100" : 0.000000,
        "250" : 0.000000,
        "500" : 0.000000,
        "750" : 0.000000,
        "1000" : 0.000000
      },
      "latency_us" : {
        "2" : 0.000000,
        "4" : 0.000000,
        "10" : 0.000000,
        "20" : 0.000000,
        "50" : 0.000000,
        "100" : 0.000000,
        "250" : 0.000000,
        "500" : 0.000000,
        "750" : 75.294118,
        "1000" : 12.549020
      },
      "latency_ms" : {
        "2" : 11.568627,
        "4" : 0.588235,
        "10" : 0.000000,
        "20" : 0.000000,
        "50" : 0.000000,
        "100" : 0.000000,
        "250" : 0.000000,
        "500" : 0.000000,
        "750" : 0.000000,
        "1000" : 0.000000,
        "2000" : 0.000000,
        ">=2000" : 0.000000
      },
      "latency_depth" : 1,
      "latency_target" : 0,
      "latency_percentile" : 100.000000,
      "latency_window" : 0
    }
  ],
  "disk_util" : [
    {
      "name" : "loop1",
      "read_ios" : 0,
      "write_ios" : 682,
      "read_sectors" : 0,
      "write_sectors" : 2728,
      "read_merges" : 0,
      "write_merges" : 0,
      "read_ticks" : 0,
      "write_ticks" : 55,
      "in_queue" : 75,
      "util" : 8.080808
    }
  ]
}
