{
  "fio version" : "fio-3.36-117-gb2403",
  "timestamp" : 1777456996,
  "timestamp_ms" : 1777456996704,
  "time" : "Wed Apr 29 10:03:16 2026",
  "jobs" : [
    {
      "jobname" : "b2-inode-r5",
      "groupid" : 0,
      "job_start" : 1777456996192,
      "error" : 0,
      "eta" : 2147483647,
      "elapsed" : 1,
      "job options" : {
        "name" : "b2-inode-r5",
        "filename" : "/var/volatile/beamfs-test/mnt-inode/test.bin",
        "rw" : "write",
        "bs" : "4k",
        "direct" : "0",
        "ioengine" : "psync",
        "iodepth" : "1",
        "size" : "2088960",
        "fsync" : "1",
        "end_fsync" : "1"
      },
      "read" : {
        "io_bytes" : 0,
        "io_kbytes" : 0,
        "bw_bytes" : 0,
        "bw" : 0,
        "iops" : 0.000000,
        "runtime" : 0,
        "total_ios" : 0,
        "short_ios" : 0,
        "drop_ios" : 0,
        "slat_ns" : {
          "min" : 0,
          "max" : 0,
          "mean" : 0.000000,
          "stddev" : 0.000000,
          "N" : 0
        },
        "clat_ns" : {
          "min" : 0,
          "max" : 0,
          "mean" : 0.000000,
          "stddev" : 0.000000,
          "N" : 0
        },
        "lat_ns" : {
          "min" : 0,
          "max" : 0,
          "mean" : 0.000000,
          "stddev" : 0.000000,
          "N" : 0
        },
        "bw_min" : 0,
        "bw_max" : 0,
        "bw_agg" : 0.000000,
        "bw_mean" : 0.000000,
        "bw_dev" : 0.000000,
        "bw_samples" : 0,
        "iops_min" : 0,
        "iops_max" : 0,
        "iops_mean" : 0.000000,
        "iops_stddev" : 0.000000,
        "iops_samples" : 0
      },
      "write" : {
        "io_bytes" : 2088960,
        "io_kbytes" : 2040,
        "bw_bytes" : 4416405,
        "bw" : 4312,
        "iops" : 1078.224101,
        "runtime" : 473,
        "total_ios" : 510,
        "short_ios" : 0,
        "drop_ios" : 0,
        "slat_ns" : {
          "min" : 0,
          "max" : 0,
          "mean" : 0.000000,
          "stddev" : 0.000000,
          "N" : 0
        },
        "clat_ns" : {
          "min" : 567843,
          "max" : 1204822,
          "mean" : 608463.403922,
          "stddev" : 52218.986644,
          "N" : 510,
          "percentile" : {
            "1.000000" : 569344,
            "5.000000" : 577536,
            "10.000000" : 577536,
            "20.000000" : 585728,
            "30.000000" : 585728,
            "40.000000" : 585728,
            "50.000000" : 593920,
            "60.000000" : 593920,
            "70.000000" : 602112,
            "80.000000" : 610304,
            "90.000000" : 684032,
            "95.000000" : 700416,
            "99.000000" : 741376,
            "99.500000" : 806912,
            "99.900000" : 1204224,
            "99.950000" : 1204224,
            "99.990000" : 1204224
          }
        },
        "lat_ns" : {
          "min" : 569971,
          "max" : 1433694,
          "mean" : 611079.431373,
          "stddev" : 58021.973402,
          "N" : 510
        },
        "bw_min" : 0,
        "bw_max" : 0,
        "bw_agg" : 0.000000,
        "bw_mean" : 0.000000,
        "bw_dev" : 0.000000,
        "bw_samples" : 0,
        "iops_min" : 0,
        "iops_max" : 0,
        "iops_mean" : 0.000000,
        "iops_stddev" : 0.000000,
        "iops_samples" : 0
      },
      "trim" : {
        "io_bytes" : 0,
        "io_kbytes" : 0,
        "bw_bytes" : 0,
        "bw" : 0,
        "iops" : 0.000000,
        "runtime" : 0,
        "total_ios" : 0,
        "short_ios" : 0,
        "drop_ios" : 0,
        "slat_ns" : {
          "min" : 0,
          "max" : 0,
          "mean" : 0.000000,
          "stddev" : 0.000000,
          "N" : 0
        },
        "clat_ns" : {
          "min" : 0,
          "max" : 0,
          "mean" : 0.000000,
          "stddev" : 0.000000,
          "N" : 0
        },
        "lat_ns" : {
          "min" : 0,
          "max" : 0,
          "mean" : 0.000000,
          "stddev" : 0.000000,
          "N" : 0
        },
        "bw_min" : 0,
        "bw_max" : 0,
        "bw_agg" : 0.000000,
        "bw_mean" : 0.000000,
        "bw_dev" : 0.000000,
        "bw_samples" : 0,
        "iops_min" : 0,
        "iops_max" : 0,
        "iops_mean" : 0.000000,
        "iops_stddev" : 0.000000,
        "iops_samples" : 0
      },
      "sync" : {
        "total_ios" : 509,
        "lat_ns" : {
          "min" : 242024,
          "max" : 620516,
          "mean" : 289506.750491,
          "stddev" : 43479.329967,
          "N" : 509,
          "percentile" : {
            "1.000000" : 250880,
            "5.000000" : 259072,
            "10.000000" : 261120,
            "20.000000" : 264192,
            "30.000000" : 268288,
            "40.000000" : 272384,
            "50.000000" : 276480,
            "60.000000" : 280576,
            "70.000000" : 284672,
            "80.000000" : 292864,
            "90.000000" : 321536,
            "95.000000" : 391168,
            "99.000000" : 448512,
            "99.500000" : 536576,
            "99.900000" : 618496,
            "99.950000" : 618496,
            "99.990000" : 618496
          }
        }
      },
      "job_runtime" : 472,
      "usr_cpu" : 6.144068,
      "sys_cpu" : 75.423729,
      "ctx" : 1057,
      "majf" : 0,
      "minf" : 10,
      "iodepth_level" : {
        "1" : 199.803922,
        "2" : 0.000000,
        "4" : 0.000000,
        "8" : 0.000000,
        "16" : 0.000000,
        "32" : 0.000000,
        ">=64" : 0.000000
      },
      "iodepth_submit" : {
        "0" : 0.000000,
        "4" : 100.000000,
        "8" : 0.000000,
        "16" : 0.000000,
        "32" : 0.000000,
        "64" : 0.000000,
        ">=64" : 0.000000
      },
      "iodepth_complete" : {
        "0" : 0.000000,
        "4" : 100.000000,
        "8" : 0.000000,
        "16" : 0.000000,
        "32" : 0.000000,
        "64" : 0.000000,
        ">=64" : 0.000000
      },
      "latency_ns" : {
        "2" : 0.000000,
        "4" : 0.000000,
        "10" : 0.000000,
        "20" : 0.000000,
        "50" : 0.000000,
        "100" : 0.000000,
        "250" : 0.000000,
        "500" : 0.000000,
        "750" : 0.000000,
        "1000" : 0.000000
      },
      "latency_us" : {
        "2" : 0.000000,
        "4" : 0.000000,
        "10" : 0.000000,
        "20" : 0.000000,
        "50" : 0.000000,
        "100" : 0.000000,
        "250" : 0.000000,
        "500" : 0.000000,
        "750" : 99.215686,
        "1000" : 0.392157
      },
      "latency_ms" : {
        "2" : 0.392157,
        "4" : 0.000000,
        "10" : 0.000000,
        "20" : 0.000000,
        "50" : 0.000000,
        "100" : 0.000000,
        "250" : 0.000000,
        "500" : 0.000000,
        "750" : 0.000000,
        "1000" : 0.000000,
        "2000" : 0.000000,
        ">=2000" : 0.000000
      },
      "latency_depth" : 1,
      "latency_target" : 0,
      "latency_percentile" : 100.000000,
      "latency_window" : 0
    }
  ],
  "disk_util" : [
    {
      "name" : "loop1",
      "read_ios" : 0,
      "write_ios" : 816,
      "read_sectors" : 0,
      "write_sectors" : 3264,
      "read_merges" : 0,
      "write_merges" : 0,
      "read_ticks" : 0,
      "write_ticks" : 65,
      "in_queue" : 88,
      "util" : 17.777778
    }
  ]
}
