{
  "fio version" : "fio-3.36-117-gb2403",
  "timestamp" : 1777457005,
  "timestamp_ms" : 1777457005453,
  "time" : "Wed Apr 29 10:03:25 2026",
  "jobs" : [
    {
      "jobname" : "b2-inode-r10",
      "groupid" : 0,
      "job_start" : 1777457004942,
      "error" : 0,
      "eta" : 2147483647,
      "elapsed" : 1,
      "job options" : {
        "name" : "b2-inode-r10",
        "filename" : "/var/volatile/beamfs-test/mnt-inode/test.bin",
        "rw" : "write",
        "bs" : "4k",
        "direct" : "0",
        "ioengine" : "psync",
        "iodepth" : "1",
        "size" : "2088960",
        "fsync" : "1",
        "end_fsync" : "1"
      },
      "read" : {
        "io_bytes" : 0,
        "io_kbytes" : 0,
        "bw_bytes" : 0,
        "bw" : 0,
        "iops" : 0.000000,
        "runtime" : 0,
        "total_ios" : 0,
        "short_ios" : 0,
        "drop_ios" : 0,
        "slat_ns" : {
          "min" : 0,
          "max" : 0,
          "mean" : 0.000000,
          "stddev" : 0.000000,
          "N" : 0
        },
        "clat_ns" : {
          "min" : 0,
          "max" : 0,
          "mean" : 0.000000,
          "stddev" : 0.000000,
          "N" : 0
        },
        "lat_ns" : {
          "min" : 0,
          "max" : 0,
          "mean" : 0.000000,
          "stddev" : 0.000000,
          "N" : 0
        },
        "bw_min" : 0,
        "bw_max" : 0,
        "bw_agg" : 0.000000,
        "bw_mean" : 0.000000,
        "bw_dev" : 0.000000,
        "bw_samples" : 0,
        "iops_min" : 0,
        "iops_max" : 0,
        "iops_mean" : 0.000000,
        "iops_stddev" : 0.000000,
        "iops_samples" : 0
      },
      "write" : {
        "io_bytes" : 2088960,
        "io_kbytes" : 2040,
        "bw_bytes" : 4463589,
        "bw" : 4358,
        "iops" : 1089.743590,
        "runtime" : 468,
        "total_ios" : 510,
        "short_ios" : 0,
        "drop_ios" : 0,
        "slat_ns" : {
          "min" : 0,
          "max" : 0,
          "mean" : 0.000000,
          "stddev" : 0.000000,
          "N" : 0
        },
        "clat_ns" : {
          "min" : 560962,
          "max" : 1645412,
          "mean" : 600621.327451,
          "stddev" : 70419.671554,
          "N" : 510,
          "percentile" : {
            "1.000000" : 561152,
            "5.000000" : 569344,
            "10.000000" : 569344,
            "20.000000" : 577536,
            "30.000000" : 577536,
            "40.000000" : 577536,
            "50.000000" : 585728,
            "60.000000" : 585728,
            "70.000000" : 593920,
            "80.000000" : 602112,
            "90.000000" : 667648,
            "95.000000" : 684032,
            "99.000000" : 749568,
            "99.500000" : 1056768,
            "99.900000" : 1646592,
            "99.950000" : 1646592,
            "99.990000" : 1646592
          }
        },
        "lat_ns" : {
          "min" : 562866,
          "max" : 1647396,
          "mean" : 603295.645098,
          "stddev" : 74397.551212,
          "N" : 510
        },
        "bw_min" : 0,
        "bw_max" : 0,
        "bw_agg" : 0.000000,
        "bw_mean" : 0.000000,
        "bw_dev" : 0.000000,
        "bw_samples" : 0,
        "iops_min" : 0,
        "iops_max" : 0,
        "iops_mean" : 0.000000,
        "iops_stddev" : 0.000000,
        "iops_samples" : 0
      },
      "trim" : {
        "io_bytes" : 0,
        "io_kbytes" : 0,
        "bw_bytes" : 0,
        "bw" : 0,
        "iops" : 0.000000,
        "runtime" : 0,
        "total_ios" : 0,
        "short_ios" : 0,
        "drop_ios" : 0,
        "slat_ns" : {
          "min" : 0,
          "max" : 0,
          "mean" : 0.000000,
          "stddev" : 0.000000,
          "N" : 0
        },
        "clat_ns" : {
          "min" : 0,
          "max" : 0,
          "mean" : 0.000000,
          "stddev" : 0.000000,
          "N" : 0
        },
        "lat_ns" : {
          "min" : 0,
          "max" : 0,
          "mean" : 0.000000,
          "stddev" : 0.000000,
          "N" : 0
        },
        "bw_min" : 0,
        "bw_max" : 0,
        "bw_agg" : 0.000000,
        "bw_mean" : 0.000000,
        "bw_dev" : 0.000000,
        "bw_samples" : 0,
        "iops_min" : 0,
        "iops_max" : 0,
        "iops_mean" : 0.000000,
        "iops_stddev" : 0.000000,
        "iops_samples" : 0
      },
      "sync" : {
        "total_ios" : 509,
        "lat_ns" : {
          "min" : 254232,
          "max" : 612772,
          "mean" : 286269.933202,
          "stddev" : 33590.373186,
          "N" : 509,
          "percentile" : {
            "1.000000" : 259072,
            "5.000000" : 261120,
            "10.000000" : 264192,
            "20.000000" : 268288,
            "30.000000" : 268288,
            "40.000000" : 272384,
            "50.000000" : 276480,
            "60.000000" : 280576,
            "70.000000" : 284672,
            "80.000000" : 292864,
            "90.000000" : 325632,
            "95.000000" : 366592,
            "99.000000" : 395264,
            "99.500000" : 440320,
            "99.900000" : 610304,
            "99.950000" : 610304,
            "99.990000" : 610304
          }
        }
      },
      "job_runtime" : 468,
      "usr_cpu" : 8.974359,
      "sys_cpu" : 72.863248,
      "ctx" : 1068,
      "majf" : 0,
      "minf" : 10,
      "iodepth_level" : {
        "1" : 199.803922,
        "2" : 0.000000,
        "4" : 0.000000,
        "8" : 0.000000,
        "16" : 0.000000,
        "32" : 0.000000,
        ">=64" : 0.000000
      },
      "iodepth_submit" : {
        "0" : 0.000000,
        "4" : 100.000000,
        "8" : 0.000000,
        "16" : 0.000000,
        "32" : 0.000000,
        "64" : 0.000000,
        ">=64" : 0.000000
      },
      "iodepth_complete" : {
        "0" : 0.000000,
        "4" : 100.000000,
        "8" : 0.000000,
        "16" : 0.000000,
        "32" : 0.000000,
        "64" : 0.000000,
        ">=64" : 0.000000
      },
      "latency_ns" : {
        "2" : 0.000000,
        "4" : 0.000000,
        "10" : 0.000000,
        "20" : 0.000000,
        "50" : 0.000000,
        "100" : 0.000000,
        "250" : 0.000000,
        "500" : 0.000000,
        "750" : 0.000000,
        "1000" : 0.000000
      },
      "latency_us" : {
        "2" : 0.000000,
        "4" : 0.000000,
        "10" : 0.000000,
        "20" : 0.000000,
        "50" : 0.000000,
        "100" : 0.000000,
        "250" : 0.000000,
        "500" : 0.000000,
        "750" : 98.823529,
        "1000" : 0.588235
      },
      "latency_ms" : {
        "2" : 0.588235,
        "4" : 0.000000,
        "10" : 0.000000,
        "20" : 0.000000,
        "50" : 0.000000,
        "100" : 0.000000,
        "250" : 0.000000,
        "500" : 0.000000,
        "750" : 0.000000,
        "1000" : 0.000000,
        "2000" : 0.000000,
        ">=2000" : 0.000000
      },
      "latency_depth" : 1,
      "latency_target" : 0,
      "latency_percentile" : 100.000000,
      "latency_window" : 0
    }
  ],
  "disk_util" : [
    {
      "name" : "loop1",
      "read_ios" : 0,
      "write_ios" : 824,
      "read_sectors" : 0,
      "write_sectors" : 3296,
      "read_merges" : 0,
      "write_merges" : 0,
      "read_ticks" : 0,
      "write_ticks" : 65,
      "in_queue" : 88,
      "util" : 11.313131
    }
  ]
}
