{
  "fio version" : "fio-3.36-117-gb2403",
  "timestamp" : 1777457884,
  "timestamp_ms" : 1777457884189,
  "time" : "Wed Apr 29 10:18:04 2026",
  "jobs" : [
    {
      "jobname" : "b3-inline-r7",
      "groupid" : 0,
      "job_start" : 1777457879108,
      "error" : 0,
      "eta" : 0,
      "elapsed" : 6,
      "job options" : {
        "name" : "b3-inline-r7",
        "filename" : "/var/volatile/beamfs-test/mnt-inline/canary",
        "rw" : "read",
        "bs" : "512",
        "direct" : "0",
        "ioengine" : "psync",
        "iodepth" : "1",
        "size" : "3824",
        "runtime" : "5s"
      },
      "read" : {
        "io_bytes" : 19397120,
        "io_kbytes" : 18942,
        "bw_bytes" : 3887198,
        "bw" : 3796,
        "iops" : 7592.184369,
        "runtime" : 4990,
        "total_ios" : 37885,
        "short_ios" : 0,
        "drop_ios" : 0,
        "slat_ns" : {
          "min" : 0,
          "max" : 0,
          "mean" : 0.000000,
          "stddev" : 0.000000,
          "N" : 0
        },
        "clat_ns" : {
          "min" : 21713,
          "max" : 1393116,
          "mean" : 101502.284704,
          "stddev" : 190555.670050,
          "N" : 37885,
          "percentile" : {
            "1.000000" : 22400,
            "5.000000" : 22400,
            "10.000000" : 22656,
            "20.000000" : 22656,
            "30.000000" : 22912,
            "40.000000" : 22912,
            "50.000000" : 23168,
            "60.000000" : 23424,
            "70.000000" : 24192,
            "80.000000" : 25216,
            "90.000000" : 536576,
            "95.000000" : 577536,
            "99.000000" : 634880,
            "99.500000" : 659456,
            "99.900000" : 700416,
            "99.950000" : 724992,
            "99.990000" : 839680
          }
        },
        "lat_ns" : {
          "min" : 22593,
          "max" : 1576818,
          "mean" : 102649.493784,
          "stddev" : 190888.607491,
          "N" : 37885
        },
        "bw_min" : 3656,
        "bw_max" : 3843,
        "bw_agg" : 99.734153,
        "bw_mean" : 3786.500000,
        "bw_dev" : 52.804145,
        "bw_samples" : 10,
        "iops_min" : 7320,
        "iops_max" : 7686,
        "iops_mean" : 7573.800000,
        "iops_stddev" : 103.517900,
        "iops_samples" : 10
      },
      "write" : {
        "io_bytes" : 0,
        "io_kbytes" : 0,
        "bw_bytes" : 0,
        "bw" : 0,
        "iops" : 0.000000,
        "runtime" : 0,
        "total_ios" : 0,
        "short_ios" : 0,
        "drop_ios" : 0,
        "slat_ns" : {
          "min" : 0,
          "max" : 0,
          "mean" : 0.000000,
          "stddev" : 0.000000,
          "N" : 0
        },
        "clat_ns" : {
          "min" : 0,
          "max" : 0,
          "mean" : 0.000000,
          "stddev" : 0.000000,
          "N" : 0
        },
        "lat_ns" : {
          "min" : 0,
          "max" : 0,
          "mean" : 0.000000,
          "stddev" : 0.000000,
          "N" : 0
        },
        "bw_min" : 0,
        "bw_max" : 0,
        "bw_agg" : 0.000000,
        "bw_mean" : 0.000000,
        "bw_dev" : 0.000000,
        "bw_samples" : 0,
        "iops_min" : 0,
        "iops_max" : 0,
        "iops_mean" : 0.000000,
        "iops_stddev" : 0.000000,
        "iops_samples" : 0
      },
      "trim" : {
        "io_bytes" : 0,
        "io_kbytes" : 0,
        "bw_bytes" : 0,
        "bw" : 0,
        "iops" : 0.000000,
        "runtime" : 0,
        "total_ios" : 0,
        "short_ios" : 0,
        "drop_ios" : 0,
        "slat_ns" : {
          "min" : 0,
          "max" : 0,
          "mean" : 0.000000,
          "stddev" : 0.000000,
          "N" : 0
        },
        "clat_ns" : {
          "min" : 0,
          "max" : 0,
          "mean" : 0.000000,
          "stddev" : 0.000000,
          "N" : 0
        },
        "lat_ns" : {
          "min" : 0,
          "max" : 0,
          "mean" : 0.000000,
          "stddev" : 0.000000,
          "N" : 0
        },
        "bw_min" : 0,
        "bw_max" : 0,
        "bw_agg" : 0.000000,
        "bw_mean" : 0.000000,
        "bw_dev" : 0.000000,
        "bw_samples" : 0,
        "iops_min" : 0,
        "iops_max" : 0,
        "iops_mean" : 0.000000,
        "iops_stddev" : 0.000000,
        "iops_samples" : 0
      },
      "sync" : {
        "total_ios" : 0,
        "lat_ns" : {
          "min" : 0,
          "max" : 0,
          "mean" : 0.000000,
          "stddev" : 0.000000,
          "N" : 0
        }
      },
      "job_runtime" : 5000,
      "usr_cpu" : 27.740000,
      "sys_cpu" : 70.620000,
      "ctx" : 8,
      "majf" : 0,
      "minf" : 10,
      "iodepth_level" : {
        "1" : 100.000000,
        "2" : 0.000000,
        "4" : 0.000000,
        "8" : 0.000000,
        "16" : 0.000000,
        "32" : 0.000000,
        ">=64" : 0.000000
      },
      "iodepth_submit" : {
        "0" : 0.000000,
        "4" : 100.000000,
        "8" : 0.000000,
        "16" : 0.000000,
        "32" : 0.000000,
        "64" : 0.000000,
        ">=64" : 0.000000
      },
      "iodepth_complete" : {
        "0" : 0.000000,
        "4" : 100.000000,
        "8" : 0.000000,
        "16" : 0.000000,
        "32" : 0.000000,
        "64" : 0.000000,
        ">=64" : 0.000000
      },
      "latency_ns" : {
        "2" : 0.000000,
        "4" : 0.000000,
        "10" : 0.000000,
        "20" : 0.000000,
        "50" : 0.000000,
        "100" : 0.000000,
        "250" : 0.000000,
        "500" : 0.000000,
        "750" : 0.000000,
        "1000" : 0.000000
      },
      "latency_us" : {
        "2" : 0.000000,
        "4" : 0.000000,
        "10" : 0.000000,
        "20" : 0.000000,
        "50" : 85.234262,
        "100" : 0.095024,
        "250" : 0.380098,
        "500" : 0.010000,
        "750" : 14.253662,
        "1000" : 0.031675
      },
      "latency_ms" : {
        "2" : 0.010000,
        "4" : 0.000000,
        "10" : 0.000000,
        "20" : 0.000000,
        "50" : 0.000000,
        "100" : 0.000000,
        "250" : 0.000000,
        "500" : 0.000000,
        "750" : 0.000000,
        "1000" : 0.000000,
        "2000" : 0.000000,
        ">=2000" : 0.000000
      },
      "latency_depth" : 1,
      "latency_target" : 0,
      "latency_percentile" : 100.000000,
      "latency_window" : 0
    }
  ],
  "disk_util" : [
    {
      "name" : "loop0",
      "read_ios" : 1,
      "write_ios" : 0,
      "read_sectors" : 8,
      "write_sectors" : 0,
      "read_merges" : 0,
      "write_merges" : 0,
      "read_ticks" : 1,
      "write_ticks" : 0,
      "in_queue" : 0,
      "util" : 0.000000
    }
  ]
}
