{
  "fio version" : "fio-3.36-117-gb2403",
  "timestamp" : 1777457847,
  "timestamp_ms" : 1777457847997,
  "time" : "Wed Apr 29 10:17:27 2026",
  "jobs" : [
    {
      "jobname" : "b3-inline-r1",
      "groupid" : 0,
      "job_start" : 1777457842900,
      "error" : 0,
      "eta" : 0,
      "elapsed" : 6,
      "job options" : {
        "name" : "b3-inline-r1",
        "filename" : "/var/volatile/beamfs-test/mnt-inline/canary",
        "rw" : "read",
        "bs" : "512",
        "direct" : "0",
        "ioengine" : "psync",
        "iodepth" : "1",
        "size" : "3824",
        "runtime" : "5s"
      },
      "read" : {
        "io_bytes" : 19924480,
        "io_kbytes" : 19457,
        "bw_bytes" : 3993682,
        "bw" : 3900,
        "iops" : 7800.160353,
        "runtime" : 4989,
        "total_ios" : 38915,
        "short_ios" : 0,
        "drop_ios" : 0,
        "slat_ns" : {
          "min" : 0,
          "max" : 0,
          "mean" : 0.000000,
          "stddev" : 0.000000,
          "N" : 0
        },
        "clat_ns" : {
          "min" : 21489,
          "max" : 1341099,
          "mean" : 98541.089914,
          "stddev" : 183795.802087,
          "N" : 38915,
          "percentile" : {
            "1.000000" : 21888,
            "5.000000" : 22144,
            "10.000000" : 22400,
            "20.000000" : 22656,
            "30.000000" : 22912,
            "40.000000" : 22912,
            "50.000000" : 23168,
            "60.000000" : 23424,
            "70.000000" : 23936,
            "80.000000" : 25216,
            "90.000000" : 518144,
            "95.000000" : 561152,
            "99.000000" : 610304,
            "99.500000" : 626688,
            "99.900000" : 659456,
            "99.950000" : 675840,
            "99.990000" : 716800
          }
        },
        "lat_ns" : {
          "min" : 22304,
          "max" : 1572707,
          "mean" : 99600.879481,
          "stddev" : 184059.838704,
          "N" : 38915
        },
        "bw_min" : 3815,
        "bw_max" : 3955,
        "bw_agg" : 99.664620,
        "bw_mean" : 3887.777778,
        "bw_dev" : 38.709746,
        "bw_samples" : 9,
        "iops_min" : 7638,
        "iops_max" : 7910,
        "iops_mean" : 7776.000000,
        "iops_stddev" : 75.934182,
        "iops_samples" : 9
      },
      "write" : {
        "io_bytes" : 0,
        "io_kbytes" : 0,
        "bw_bytes" : 0,
        "bw" : 0,
        "iops" : 0.000000,
        "runtime" : 0,
        "total_ios" : 0,
        "short_ios" : 0,
        "drop_ios" : 0,
        "slat_ns" : {
          "min" : 0,
          "max" : 0,
          "mean" : 0.000000,
          "stddev" : 0.000000,
          "N" : 0
        },
        "clat_ns" : {
          "min" : 0,
          "max" : 0,
          "mean" : 0.000000,
          "stddev" : 0.000000,
          "N" : 0
        },
        "lat_ns" : {
          "min" : 0,
          "max" : 0,
          "mean" : 0.000000,
          "stddev" : 0.000000,
          "N" : 0
        },
        "bw_min" : 0,
        "bw_max" : 0,
        "bw_agg" : 0.000000,
        "bw_mean" : 0.000000,
        "bw_dev" : 0.000000,
        "bw_samples" : 0,
        "iops_min" : 0,
        "iops_max" : 0,
        "iops_mean" : 0.000000,
        "iops_stddev" : 0.000000,
        "iops_samples" : 0
      },
      "trim" : {
        "io_bytes" : 0,
        "io_kbytes" : 0,
        "bw_bytes" : 0,
        "bw" : 0,
        "iops" : 0.000000,
        "runtime" : 0,
        "total_ios" : 0,
        "short_ios" : 0,
        "drop_ios" : 0,
        "slat_ns" : {
          "min" : 0,
          "max" : 0,
          "mean" : 0.000000,
          "stddev" : 0.000000,
          "N" : 0
        },
        "clat_ns" : {
          "min" : 0,
          "max" : 0,
          "mean" : 0.000000,
          "stddev" : 0.000000,
          "N" : 0
        },
        "lat_ns" : {
          "min" : 0,
          "max" : 0,
          "mean" : 0.000000,
          "stddev" : 0.000000,
          "N" : 0
        },
        "bw_min" : 0,
        "bw_max" : 0,
        "bw_agg" : 0.000000,
        "bw_mean" : 0.000000,
        "bw_dev" : 0.000000,
        "bw_samples" : 0,
        "iops_min" : 0,
        "iops_max" : 0,
        "iops_mean" : 0.000000,
        "iops_stddev" : 0.000000,
        "iops_samples" : 0
      },
      "sync" : {
        "total_ios" : 0,
        "lat_ns" : {
          "min" : 0,
          "max" : 0,
          "mean" : 0.000000,
          "stddev" : 0.000000,
          "N" : 0
        }
      },
      "job_runtime" : 5000,
      "usr_cpu" : 25.200000,
      "sys_cpu" : 73.300000,
      "ctx" : 7,
      "majf" : 0,
      "minf" : 10,
      "iodepth_level" : {
        "1" : 100.000000,
        "2" : 0.000000,
        "4" : 0.000000,
        "8" : 0.000000,
        "16" : 0.000000,
        "32" : 0.000000,
        ">=64" : 0.000000
      },
      "iodepth_submit" : {
        "0" : 0.000000,
        "4" : 100.000000,
        "8" : 0.000000,
        "16" : 0.000000,
        "32" : 0.000000,
        "64" : 0.000000,
        ">=64" : 0.000000
      },
      "iodepth_complete" : {
        "0" : 0.000000,
        "4" : 100.000000,
        "8" : 0.000000,
        "16" : 0.000000,
        "32" : 0.000000,
        "64" : 0.000000,
        ">=64" : 0.000000
      },
      "latency_ns" : {
        "2" : 0.000000,
        "4" : 0.000000,
        "10" : 0.000000,
        "20" : 0.000000,
        "50" : 0.000000,
        "100" : 0.000000,
        "250" : 0.000000,
        "500" : 0.000000,
        "750" : 0.000000,
        "1000" : 0.000000
      },
      "latency_us" : {
        "2" : 0.000000,
        "4" : 0.000000,
        "10" : 0.000000,
        "20" : 0.000000,
        "50" : 85.273031,
        "100" : 0.151612,
        "250" : 0.287807,
        "500" : 0.390595,
        "750" : 13.891815,
        "1000" : 0.010000
      },
      "latency_ms" : {
        "2" : 0.010000,
        "4" : 0.000000,
        "10" : 0.000000,
        "20" : 0.000000,
        "50" : 0.000000,
        "100" : 0.000000,
        "250" : 0.000000,
        "500" : 0.000000,
        "750" : 0.000000,
        "1000" : 0.000000,
        "2000" : 0.000000,
        ">=2000" : 0.000000
      },
      "latency_depth" : 1,
      "latency_target" : 0,
      "latency_percentile" : 100.000000,
      "latency_window" : 0
    }
  ],
  "disk_util" : [
    {
      "name" : "loop0",
      "read_ios" : 1,
      "write_ios" : 0,
      "read_sectors" : 8,
      "write_sectors" : 0,
      "read_merges" : 0,
      "write_merges" : 0,
      "read_ticks" : 0,
      "write_ticks" : 0,
      "in_queue" : 1,
      "util" : 0.000000
    }
  ]
}
