{
  "fio version" : "fio-3.36-117-gb2403",
  "timestamp" : 1777457872,
  "timestamp_ms" : 1777457872168,
  "time" : "Wed Apr 29 10:17:52 2026",
  "jobs" : [
    {
      "jobname" : "b3-inline-r5",
      "groupid" : 0,
      "job_start" : 1777457867068,
      "error" : 0,
      "eta" : 0,
      "elapsed" : 6,
      "job options" : {
        "name" : "b3-inline-r5",
        "filename" : "/var/volatile/beamfs-test/mnt-inline/canary",
        "rw" : "read",
        "bs" : "512",
        "direct" : "0",
        "ioengine" : "psync",
        "iodepth" : "1",
        "size" : "3824",
        "runtime" : "5s"
      },
      "read" : {
        "io_bytes" : 19708928,
        "io_kbytes" : 19247,
        "bw_bytes" : 3950476,
        "bw" : 3857,
        "iops" : 7715.774704,
        "runtime" : 4989,
        "total_ios" : 38494,
        "short_ios" : 0,
        "drop_ios" : 0,
        "slat_ns" : {
          "min" : 0,
          "max" : 0,
          "mean" : 0.000000,
          "stddev" : 0.000000,
          "N" : 0
        },
        "clat_ns" : {
          "min" : 21504,
          "max" : 1376188,
          "mean" : 99826.313399,
          "stddev" : 186448.651486,
          "N" : 38494,
          "percentile" : {
            "1.000000" : 22144,
            "5.000000" : 22400,
            "10.000000" : 22656,
            "20.000000" : 22912,
            "30.000000" : 22912,
            "40.000000" : 23168,
            "50.000000" : 23424,
            "60.000000" : 23680,
            "70.000000" : 24192,
            "80.000000" : 25216,
            "90.000000" : 528384,
            "95.000000" : 569344,
            "99.000000" : 618496,
            "99.500000" : 634880,
            "99.900000" : 675840,
            "99.950000" : 692224,
            "99.990000" : 806912
          }
        },
        "lat_ns" : {
          "min" : 22336,
          "max" : 1715783,
          "mean" : 100967.097158,
          "stddev" : 186785.870197,
          "N" : 38494
        },
        "bw_min" : 3736,
        "bw_max" : 3906,
        "bw_agg" : 99.691885,
        "bw_mean" : 3846.444444,
        "bw_dev" : 49.679249,
        "bw_samples" : 9,
        "iops_min" : 7475,
        "iops_max" : 7812,
        "iops_mean" : 7693.222222,
        "iops_stddev" : 98.526364,
        "iops_samples" : 9
      },
      "write" : {
        "io_bytes" : 0,
        "io_kbytes" : 0,
        "bw_bytes" : 0,
        "bw" : 0,
        "iops" : 0.000000,
        "runtime" : 0,
        "total_ios" : 0,
        "short_ios" : 0,
        "drop_ios" : 0,
        "slat_ns" : {
          "min" : 0,
          "max" : 0,
          "mean" : 0.000000,
          "stddev" : 0.000000,
          "N" : 0
        },
        "clat_ns" : {
          "min" : 0,
          "max" : 0,
          "mean" : 0.000000,
          "stddev" : 0.000000,
          "N" : 0
        },
        "lat_ns" : {
          "min" : 0,
          "max" : 0,
          "mean" : 0.000000,
          "stddev" : 0.000000,
          "N" : 0
        },
        "bw_min" : 0,
        "bw_max" : 0,
        "bw_agg" : 0.000000,
        "bw_mean" : 0.000000,
        "bw_dev" : 0.000000,
        "bw_samples" : 0,
        "iops_min" : 0,
        "iops_max" : 0,
        "iops_mean" : 0.000000,
        "iops_stddev" : 0.000000,
        "iops_samples" : 0
      },
      "trim" : {
        "io_bytes" : 0,
        "io_kbytes" : 0,
        "bw_bytes" : 0,
        "bw" : 0,
        "iops" : 0.000000,
        "runtime" : 0,
        "total_ios" : 0,
        "short_ios" : 0,
        "drop_ios" : 0,
        "slat_ns" : {
          "min" : 0,
          "max" : 0,
          "mean" : 0.000000,
          "stddev" : 0.000000,
          "N" : 0
        },
        "clat_ns" : {
          "min" : 0,
          "max" : 0,
          "mean" : 0.000000,
          "stddev" : 0.000000,
          "N" : 0
        },
        "lat_ns" : {
          "min" : 0,
          "max" : 0,
          "mean" : 0.000000,
          "stddev" : 0.000000,
          "N" : 0
        },
        "bw_min" : 0,
        "bw_max" : 0,
        "bw_agg" : 0.000000,
        "bw_mean" : 0.000000,
        "bw_dev" : 0.000000,
        "bw_samples" : 0,
        "iops_min" : 0,
        "iops_max" : 0,
        "iops_mean" : 0.000000,
        "iops_stddev" : 0.000000,
        "iops_samples" : 0
      },
      "sync" : {
        "total_ios" : 0,
        "lat_ns" : {
          "min" : 0,
          "max" : 0,
          "mean" : 0.000000,
          "stddev" : 0.000000,
          "N" : 0
        }
      },
      "job_runtime" : 5000,
      "usr_cpu" : 24.880000,
      "sys_cpu" : 73.600000,
      "ctx" : 7,
      "majf" : 0,
      "minf" : 10,
      "iodepth_level" : {
        "1" : 100.000000,
        "2" : 0.000000,
        "4" : 0.000000,
        "8" : 0.000000,
        "16" : 0.000000,
        "32" : 0.000000,
        ">=64" : 0.000000
      },
      "iodepth_submit" : {
        "0" : 0.000000,
        "4" : 100.000000,
        "8" : 0.000000,
        "16" : 0.000000,
        "32" : 0.000000,
        "64" : 0.000000,
        ">=64" : 0.000000
      },
      "iodepth_complete" : {
        "0" : 0.000000,
        "4" : 100.000000,
        "8" : 0.000000,
        "16" : 0.000000,
        "32" : 0.000000,
        "64" : 0.000000,
        ">=64" : 0.000000
      },
      "latency_ns" : {
        "2" : 0.000000,
        "4" : 0.000000,
        "10" : 0.000000,
        "20" : 0.000000,
        "50" : 0.000000,
        "100" : 0.000000,
        "250" : 0.000000,
        "500" : 0.000000,
        "750" : 0.000000,
        "1000" : 0.000000
      },
      "latency_us" : {
        "2" : 0.000000,
        "4" : 0.000000,
        "10" : 0.000000,
        "20" : 0.000000,
        "50" : 85.270432,
        "100" : 0.096119,
        "250" : 0.342911,
        "500" : 0.031174,
        "750" : 14.238583,
        "1000" : 0.015587
      },
      "latency_ms" : {
        "2" : 0.010000,
        "4" : 0.000000,
        "10" : 0.000000,
        "20" : 0.000000,
        "50" : 0.000000,
        "100" : 0.000000,
        "250" : 0.000000,
        "500" : 0.000000,
        "750" : 0.000000,
        "1000" : 0.000000,
        "2000" : 0.000000,
        ">=2000" : 0.000000
      },
      "latency_depth" : 1,
      "latency_target" : 0,
      "latency_percentile" : 100.000000,
      "latency_window" : 0
    }
  ],
  "disk_util" : [
    {
      "name" : "loop0",
      "read_ios" : 1,
      "write_ios" : 0,
      "read_sectors" : 8,
      "write_sectors" : 0,
      "read_merges" : 0,
      "write_merges" : 0,
      "read_ticks" : 0,
      "write_ticks" : 0,
      "in_queue" : 0,
      "util" : 0.000000
    }
  ]
}
