{
  "fio version" : "fio-3.36-117-gb2403",
  "timestamp" : 1777457902,
  "timestamp_ms" : 1777457902268,
  "time" : "Wed Apr 29 10:18:22 2026",
  "jobs" : [
    {
      "jobname" : "b3-inline-r10",
      "groupid" : 0,
      "job_start" : 1777457897167,
      "error" : 0,
      "eta" : 0,
      "elapsed" : 6,
      "job options" : {
        "name" : "b3-inline-r10",
        "filename" : "/var/volatile/beamfs-test/mnt-inline/canary",
        "rw" : "read",
        "bs" : "512",
        "direct" : "0",
        "ioengine" : "psync",
        "iodepth" : "1",
        "size" : "3824",
        "runtime" : "5s"
      },
      "read" : {
        "io_bytes" : 19454464,
        "io_kbytes" : 18998,
        "bw_bytes" : 3899471,
        "bw" : 3808,
        "iops" : 7616.155542,
        "runtime" : 4989,
        "total_ios" : 37997,
        "short_ios" : 0,
        "drop_ios" : 0,
        "slat_ns" : {
          "min" : 0,
          "max" : 0,
          "mean" : 0.000000,
          "stddev" : 0.000000,
          "N" : 0
        },
        "clat_ns" : {
          "min" : 22368,
          "max" : 1440734,
          "mean" : 100584.867305,
          "stddev" : 187108.360472,
          "N" : 37997,
          "percentile" : {
            "1.000000" : 22912,
            "5.000000" : 22912,
            "10.000000" : 23168,
            "20.000000" : 23168,
            "30.000000" : 23424,
            "40.000000" : 23680,
            "50.000000" : 23680,
            "60.000000" : 23936,
            "70.000000" : 24704,
            "80.000000" : 25728,
            "90.000000" : 528384,
            "95.000000" : 569344,
            "99.000000" : 618496,
            "99.500000" : 643072,
            "99.900000" : 692224,
            "99.950000" : 757760,
            "99.990000" : 978944
          }
        },
        "lat_ns" : {
          "min" : 23312,
          "max" : 1622516,
          "mean" : 101795.072611,
          "stddev" : 187405.428901,
          "N" : 37997
        },
        "bw_min" : 3666,
        "bw_max" : 3855,
        "bw_agg" : 99.709114,
        "bw_mean" : 3797.900000,
        "bw_dev" : 58.291318,
        "bw_samples" : 10,
        "iops_min" : 7336,
        "iops_max" : 7710,
        "iops_mean" : 7596.300000,
        "iops_stddev" : 115.448931,
        "iops_samples" : 10
      },
      "write" : {
        "io_bytes" : 0,
        "io_kbytes" : 0,
        "bw_bytes" : 0,
        "bw" : 0,
        "iops" : 0.000000,
        "runtime" : 0,
        "total_ios" : 0,
        "short_ios" : 0,
        "drop_ios" : 0,
        "slat_ns" : {
          "min" : 0,
          "max" : 0,
          "mean" : 0.000000,
          "stddev" : 0.000000,
          "N" : 0
        },
        "clat_ns" : {
          "min" : 0,
          "max" : 0,
          "mean" : 0.000000,
          "stddev" : 0.000000,
          "N" : 0
        },
        "lat_ns" : {
          "min" : 0,
          "max" : 0,
          "mean" : 0.000000,
          "stddev" : 0.000000,
          "N" : 0
        },
        "bw_min" : 0,
        "bw_max" : 0,
        "bw_agg" : 0.000000,
        "bw_mean" : 0.000000,
        "bw_dev" : 0.000000,
        "bw_samples" : 0,
        "iops_min" : 0,
        "iops_max" : 0,
        "iops_mean" : 0.000000,
        "iops_stddev" : 0.000000,
        "iops_samples" : 0
      },
      "trim" : {
        "io_bytes" : 0,
        "io_kbytes" : 0,
        "bw_bytes" : 0,
        "bw" : 0,
        "iops" : 0.000000,
        "runtime" : 0,
        "total_ios" : 0,
        "short_ios" : 0,
        "drop_ios" : 0,
        "slat_ns" : {
          "min" : 0,
          "max" : 0,
          "mean" : 0.000000,
          "stddev" : 0.000000,
          "N" : 0
        },
        "clat_ns" : {
          "min" : 0,
          "max" : 0,
          "mean" : 0.000000,
          "stddev" : 0.000000,
          "N" : 0
        },
        "lat_ns" : {
          "min" : 0,
          "max" : 0,
          "mean" : 0.000000,
          "stddev" : 0.000000,
          "N" : 0
        },
        "bw_min" : 0,
        "bw_max" : 0,
        "bw_agg" : 0.000000,
        "bw_mean" : 0.000000,
        "bw_dev" : 0.000000,
        "bw_samples" : 0,
        "iops_min" : 0,
        "iops_max" : 0,
        "iops_mean" : 0.000000,
        "iops_stddev" : 0.000000,
        "iops_samples" : 0
      },
      "sync" : {
        "total_ios" : 0,
        "lat_ns" : {
          "min" : 0,
          "max" : 0,
          "mean" : 0.000000,
          "stddev" : 0.000000,
          "N" : 0
        }
      },
      "job_runtime" : 5000,
      "usr_cpu" : 25.340000,
      "sys_cpu" : 73.040000,
      "ctx" : 5,
      "majf" : 0,
      "minf" : 10,
      "iodepth_level" : {
        "1" : 100.000000,
        "2" : 0.000000,
        "4" : 0.000000,
        "8" : 0.000000,
        "16" : 0.000000,
        "32" : 0.000000,
        ">=64" : 0.000000
      },
      "iodepth_submit" : {
        "0" : 0.000000,
        "4" : 100.000000,
        "8" : 0.000000,
        "16" : 0.000000,
        "32" : 0.000000,
        "64" : 0.000000,
        ">=64" : 0.000000
      },
      "iodepth_complete" : {
        "0" : 0.000000,
        "4" : 100.000000,
        "8" : 0.000000,
        "16" : 0.000000,
        "32" : 0.000000,
        "64" : 0.000000,
        ">=64" : 0.000000
      },
      "latency_ns" : {
        "2" : 0.000000,
        "4" : 0.000000,
        "10" : 0.000000,
        "20" : 0.000000,
        "50" : 0.000000,
        "100" : 0.000000,
        "250" : 0.000000,
        "500" : 0.000000,
        "750" : 0.000000,
        "1000" : 0.000000
      },
      "latency_us" : {
        "2" : 0.000000,
        "4" : 0.000000,
        "10" : 0.000000,
        "20" : 0.000000,
        "50" : 85.225149,
        "100" : 0.086849,
        "250" : 0.397400,
        "500" : 0.010000,
        "750" : 14.230071,
        "1000" : 0.050004
      },
      "latency_ms" : {
        "2" : 0.010000,
        "4" : 0.000000,
        "10" : 0.000000,
        "20" : 0.000000,
        "50" : 0.000000,
        "100" : 0.000000,
        "250" : 0.000000,
        "500" : 0.000000,
        "750" : 0.000000,
        "1000" : 0.000000,
        "2000" : 0.000000,
        ">=2000" : 0.000000
      },
      "latency_depth" : 1,
      "latency_target" : 0,
      "latency_percentile" : 100.000000,
      "latency_window" : 0
    }
  ],
  "disk_util" : [
    {
      "name" : "loop0",
      "read_ios" : 1,
      "write_ios" : 0,
      "read_sectors" : 8,
      "write_sectors" : 0,
      "read_merges" : 0,
      "write_merges" : 0,
      "read_ticks" : 0,
      "write_ticks" : 0,
      "in_queue" : 0,
      "util" : 0.000000
    }
  ]
}
