{
  "fio version" : "fio-3.36-117-gb2403",
  "timestamp" : 1777457860,
  "timestamp_ms" : 1777457860065,
  "time" : "Wed Apr 29 10:17:40 2026",
  "jobs" : [
    {
      "jobname" : "b3-inline-r3",
      "groupid" : 0,
      "job_start" : 1777457854977,
      "error" : 0,
      "eta" : 0,
      "elapsed" : 6,
      "job options" : {
        "name" : "b3-inline-r3",
        "filename" : "/var/volatile/beamfs-test/mnt-inline/canary",
        "rw" : "read",
        "bs" : "512",
        "direct" : "0",
        "ioengine" : "psync",
        "iodepth" : "1",
        "size" : "3824",
        "runtime" : "5s"
      },
      "read" : {
        "io_bytes" : 19443712,
        "io_kbytes" : 18988,
        "bw_bytes" : 3897316,
        "bw" : 3805,
        "iops" : 7611.946282,
        "runtime" : 4989,
        "total_ios" : 37976,
        "short_ios" : 0,
        "drop_ios" : 0,
        "slat_ns" : {
          "min" : 0,
          "max" : 0,
          "mean" : 0.000000,
          "stddev" : 0.000000,
          "N" : 0
        },
        "clat_ns" : {
          "min" : 22064,
          "max" : 1339691,
          "mean" : 100950.393801,
          "stddev" : 188297.720727,
          "N" : 37976,
          "percentile" : {
            "1.000000" : 22656,
            "5.000000" : 22912,
            "10.000000" : 22912,
            "20.000000" : 23168,
            "30.000000" : 23168,
            "40.000000" : 23424,
            "50.000000" : 23680,
            "60.000000" : 23936,
            "70.000000" : 24448,
            "80.000000" : 25472,
            "90.000000" : 528384,
            "95.000000" : 569344,
            "99.000000" : 634880,
            "99.500000" : 651264,
            "99.900000" : 692224,
            "99.950000" : 724992,
            "99.990000" : 847872
          }
        },
        "lat_ns" : {
          "min" : 22977,
          "max" : 1510496,
          "mean" : 102141.165921,
          "stddev" : 188619.992828,
          "N" : 37976
        },
        "bw_min" : 3745,
        "bw_max" : 3843,
        "bw_agg" : 99.737974,
        "bw_mean" : 3796.888889,
        "bw_dev" : 27.601832,
        "bw_samples" : 9,
        "iops_min" : 7490,
        "iops_max" : 7686,
        "iops_mean" : 7593.777778,
        "iops_stddev" : 55.203663,
        "iops_samples" : 9
      },
      "write" : {
        "io_bytes" : 0,
        "io_kbytes" : 0,
        "bw_bytes" : 0,
        "bw" : 0,
        "iops" : 0.000000,
        "runtime" : 0,
        "total_ios" : 0,
        "short_ios" : 0,
        "drop_ios" : 0,
        "slat_ns" : {
          "min" : 0,
          "max" : 0,
          "mean" : 0.000000,
          "stddev" : 0.000000,
          "N" : 0
        },
        "clat_ns" : {
          "min" : 0,
          "max" : 0,
          "mean" : 0.000000,
          "stddev" : 0.000000,
          "N" : 0
        },
        "lat_ns" : {
          "min" : 0,
          "max" : 0,
          "mean" : 0.000000,
          "stddev" : 0.000000,
          "N" : 0
        },
        "bw_min" : 0,
        "bw_max" : 0,
        "bw_agg" : 0.000000,
        "bw_mean" : 0.000000,
        "bw_dev" : 0.000000,
        "bw_samples" : 0,
        "iops_min" : 0,
        "iops_max" : 0,
        "iops_mean" : 0.000000,
        "iops_stddev" : 0.000000,
        "iops_samples" : 0
      },
      "trim" : {
        "io_bytes" : 0,
        "io_kbytes" : 0,
        "bw_bytes" : 0,
        "bw" : 0,
        "iops" : 0.000000,
        "runtime" : 0,
        "total_ios" : 0,
        "short_ios" : 0,
        "drop_ios" : 0,
        "slat_ns" : {
          "min" : 0,
          "max" : 0,
          "mean" : 0.000000,
          "stddev" : 0.000000,
          "N" : 0
        },
        "clat_ns" : {
          "min" : 0,
          "max" : 0,
          "mean" : 0.000000,
          "stddev" : 0.000000,
          "N" : 0
        },
        "lat_ns" : {
          "min" : 0,
          "max" : 0,
          "mean" : 0.000000,
          "stddev" : 0.000000,
          "N" : 0
        },
        "bw_min" : 0,
        "bw_max" : 0,
        "bw_agg" : 0.000000,
        "bw_mean" : 0.000000,
        "bw_dev" : 0.000000,
        "bw_samples" : 0,
        "iops_min" : 0,
        "iops_max" : 0,
        "iops_mean" : 0.000000,
        "iops_stddev" : 0.000000,
        "iops_samples" : 0
      },
      "sync" : {
        "total_ios" : 0,
        "lat_ns" : {
          "min" : 0,
          "max" : 0,
          "mean" : 0.000000,
          "stddev" : 0.000000,
          "N" : 0
        }
      },
      "job_runtime" : 5000,
      "usr_cpu" : 27.600000,
      "sys_cpu" : 70.700000,
      "ctx" : 6,
      "majf" : 0,
      "minf" : 10,
      "iodepth_level" : {
        "1" : 100.000000,
        "2" : 0.000000,
        "4" : 0.000000,
        "8" : 0.000000,
        "16" : 0.000000,
        "32" : 0.000000,
        ">=64" : 0.000000
      },
      "iodepth_submit" : {
        "0" : 0.000000,
        "4" : 100.000000,
        "8" : 0.000000,
        "16" : 0.000000,
        "32" : 0.000000,
        "64" : 0.000000,
        ">=64" : 0.000000
      },
      "iodepth_complete" : {
        "0" : 0.000000,
        "4" : 100.000000,
        "8" : 0.000000,
        "16" : 0.000000,
        "32" : 0.000000,
        "64" : 0.000000,
        ">=64" : 0.000000
      },
      "latency_ns" : {
        "2" : 0.000000,
        "4" : 0.000000,
        "10" : 0.000000,
        "20" : 0.000000,
        "50" : 0.000000,
        "100" : 0.000000,
        "250" : 0.000000,
        "500" : 0.000000,
        "750" : 0.000000,
        "1000" : 0.000000
      },
      "latency_us" : {
        "2" : 0.000000,
        "4" : 0.000000,
        "10" : 0.000000,
        "20" : 0.000000,
        "50" : 85.240678,
        "100" : 0.126396,
        "250" : 0.342321,
        "500" : 0.010000,
        "750" : 14.243206,
        "1000" : 0.042132
      },
      "latency_ms" : {
        "2" : 0.010000,
        "4" : 0.000000,
        "10" : 0.000000,
        "20" : 0.000000,
        "50" : 0.000000,
        "100" : 0.000000,
        "250" : 0.000000,
        "500" : 0.000000,
        "750" : 0.000000,
        "1000" : 0.000000,
        "2000" : 0.000000,
        ">=2000" : 0.000000
      },
      "latency_depth" : 1,
      "latency_target" : 0,
      "latency_percentile" : 100.000000,
      "latency_window" : 0
    }
  ],
  "disk_util" : [
    {
      "name" : "loop0",
      "read_ios" : 1,
      "write_ios" : 0,
      "read_sectors" : 8,
      "write_sectors" : 0,
      "read_merges" : 0,
      "write_merges" : 0,
      "read_ticks" : 0,
      "write_ticks" : 0,
      "in_queue" : 0,
      "util" : 0.000000
    }
  ]
}
